movie,1567.139726027398
seat,1428.5123287671238
theater,1220.9452054794506
just,984.9945205479453
time,968.2630136986303
food,753.5671232876718
popcorn,702.2657534246572
come,686.013698630137
like,681.0082191780826
ticket,642.9315068493153
place,636.9890410958905
experience,636.0657534246577
drink,619.6712328767125
amc,590.0109589041099
lot,556.2164383561646
good,554.0301369863016
say,541.9726027397261
watch,541.7397260273973
service,523.0356164383566
notto,513.6794520547949
theatre,444.0630136986303
order,430.36986301369853
way,428.7342465753424
park,425.3452054794524
try,413.241095890411
room,407.32054794520536
pay,404.40547945205486
price,396.8328767123288
great,395.7671232876713
screen,387.77808219178087
2,386.31232876712335
minutes,383.25479452054805
better,366.8547945205479
people,358.3315068493151
movies,350.2931506849316
ask,346.23287671232885
sit,334.1835616438356
snack,333.8684931506849
sound,331.1424657534247
really,326.2602739726027
not,320.8767123287671
stand,318.7232876712328
theaters,312.3972602739726
tell,310.87123287671216
leave,308.90136986301366
make,308.56164383561634
clean,303.9616438356164
walk,303.8301369863013
wait,301.7972602739726
bar,297.4876712328766
small,286.32328767123295
floor,279.16438356164383
night,276.09315068493163
think,272.490410958904
tiny,271.9671232876712
star,269.71780821917815
right,267.3479452054794
close,265.8602739726027
town,265.2301369863013
actually,260.0712328767124
home,258.00000000000006
nice,257.6794520547945
check,249.69041095890407
old,247.07945205479456
large,245.58904109589045
day,236.9041095890411
cold,236.86849315068497
no,234.55616438356168
staff,233.4027397260274
customer,230.51506849315064
bring,222.93424657534246
look,222.441095890411
worth,222.34520547945206
need,221.29863013698622
line,218.5561643835617
disappoint,217.76986301369863
im,217.21369863013692
treat,213.61095890410957
buy,213.49863013698632
kid,211.89041095890417
special,211.44109589041096
enjoy,210.24109589041095
venue,210.2301369863014
chocolate,209.8849315068493
counter,205.59452054794522
recline,204.5068493150685
open,202.71780821917804
end,201.55616438356168
ive,199.27671232876713
10,196.9369863013699
door,195.24383561643836
chair,195.15342465753426
maybe,194.70958904109588
size,194.54520547945208
now,193.51232876712334
know,190.27123287671233
new,188.00000000000003
start,187.12054794520546
early,186.70410958904105
cream,185.06575342465754
use,183.12876712328773
years,181.90684931506848
fro,180.96712328767123
1,180.79178082191783
ice,180.2082191780822
customers,180.04931506849314
theres,178.66301369863012
thing,174.37260273972603
probably,171.8794520547945
husband,170.9972602739726
big,170.5698630136986
bite,165.04931506849314
love,163.03835616438357
concession,159.1205479452055
uncomfortable,158.28493150684935
pick,158.23013698630137
taste,157.2027397260274
manager,157.00821917808216
notof,155.53972602739722
friends,154.69041095890407
spot,153.53150684931506
talk,153.40547945205472
short,150.5917808219178
basically,148.5205479452055
weekend,148.29863013698628
ca,148.14794520547946
3,147.57808219178085
hope,146.55616438356162
serve,144.02465753424661
chip,143.27671232876713
loud,142.17808219178082
bad,140.83287671232875
arrive,139.7178082191781
employees,137.75068493150687
youre,137.61917808219175
work,137.36986301369862
row,137.33698630136985
things,136.84657534246577
expensive,136.83835616438358
trash,136.78904109589038
chicken,135.6657534246575
rude,135.47671232876712
feel,134.90136986301368
days,134.8301369863014
ok,133.75068493150684
comfy,133.14246575342463
annoy,133.06575342465754
hot,131.5917808219178
reason,130.66027397260274
horrible,130.5945205479452
upgrade,130.49315068493152
next,130.14246575342466
overall,129.95616438356166
machine,128.84383561643835
entire,128.65205479452055
far,128.37260273972603
late,127.69315068493152
film,127.12602739726029
cash,127.1123287671233
wouldbe,126.69315068493151
notbe,126.22191780821919
long,125.98630136986303
usually,125.18630136986302
little,125.14794520547945
mean,124.64109589041097
sad,123.0904109589041
cheese,122.61369863013701
away,122.38630136986302
similar,121.62191780821918
past,120.53150684931506
usher,120.39452054794523
gross,120.2027397260274
pretty,119.8
wonder,119.63561643835617
crowd,119.12328767123286
purchase,116.85205479452054
wa,116.22465753424657
stay,115.81917808219178
water,115.23835616438356
want,115.02191780821919
4,114.83561643835618
dece,114.46849315068494
run,114.29589041095892
instead,114.22465753424657
drive,113.86849315068494
money,112.89589041095888
hear,112.81917808219177
expect,111.91506849315066
specific,111.13424657534247
beer,111.03561643835617
exact,109.74246575342465
ill,109.6
tender,109.57808219178081
patrons,109.4082191780822
website,109.16164383561645
care,108.38356164383559
push,107.09589041095892
type,106.34794520547945
notwait,106.31232876712329
area,106.18630136986303
competition,105.78904109589043
friendly,105.66027397260274
war,105.5123287671233
cup,104.72054794520548
stale,104.69315068493151
dirty,104.42739726027396
options,104.3972602739726
fancy,104.16986301369863
finally,104.10136986301369
shape,103.91232876712328
action,103.91232876712328
neck,103.7041095890411
nothing,103.35890410958903
rest,103.35890410958903
2017,103.11232876712329
comfort,103.11232876712329
ability,102.31232876712329
vision,102.31232876712329
legitimately,102.31232876712329
cannotwill,102.31232876712329
netflix,102.31232876712329
platform,102.31232876712329
patience,102.31232876712329
example,102.31232876712329
hbogo,102.31232876712329
contrast,102.31232876712329
pony,102.31232876712329
infinity,102.31232876712329
arguably,102.31232876712329
inconsiste,102.31232876712329
notcriteria,102.31232876712329
stranger,102.31232876712329
play,102.21917808219176
hard,102.09041095890413
center,101.9041095890411
issue,99.9205479452055
30,99.87397260273973
worse,96.29863013698628
thats,95.79999999999998
candy,95.40821917808218
smaller,94.86027397260274
honestly,93.82465753424657
quality,93.72602739726028
car,93.07945205479452
burger,92.8
wear,92.25753424657536
nachos,91.94520547945207
dip,91.2
colour,91.2
brownie,91.2
whip,91.2
substance,91.2
white,91.2
teas,91.01917808219179
oh,90.8958904109589
break,90.86301369863014
notfeel,90.81643835616438
offer,90.3041095890411
later,90.21917808219177
eat,90.14794520547945
problem,90.03287671232876
twice,89.96438356164383
super,89.15616438356165
harkins,89.04931506849317
decide,88.95068493150686
stick,88.46575342465754
build,87.92054794520548
choices,87.68767123287671
miles,87.57808219178082
dry,87.2
youve,87.0904109589041
wouldwa,86.55616438356164
able,86.41369863013699
circle,86.4
farrellis,86.4
notmy,86.20547945205479
disappointment,86.20547945205477
pain,85.96712328767123
review,85.74520547945205
year,85.3972602739726
cover,85.02191780821919
head,84.72876712328768
happen,84.49315068493152
guess,84.3095890410959
warm,84.10958904109589
crumb,83.96712328767123
inside,83.90958904109587
card,83.89589041095891
plus,83.68219178082192
icee,83.2
locate,83.16712328767123
o,83.16712328767123
15,82.81369863013698
salty,82.41095890410959
sauce,82.38904109589042
point,82.1945205479452
20,81.6164383561644
provide,81.38082191780823
notthink,80.95890410958901
fun,80.95068493150684
8,79.84931506849315
wrong,79.6931506849315
kind,79.20821917808219
forget,79.18082191780822
jumanji,79.16712328767123
dust,79.16712328767123
dirtier,79.16712328767123
notwhen,79.16712328767123
office,78.97534246575341
bag,78.55342465753425
soft,78.43835616438355
servers,78.4
overprice,78.35068493150686
nota,77.33698630136985
free,77.11232876712327
photos,76.8
ass,76.75616438356164
today,76.50410958904111
smg,76.07671232876713
pretzel,76.07123287671232
nothere,76.03835616438356
person,75.9945205479452
noteven,75.72876712328768
notbuy,75.7095890410959
worst,75.63835616438355
couple,75.14794520547945
let,75.11780821917807
huge,75.03013698630139
notget,74.75342465753425
fry,74.52602739726028
okay,73.98082191780823
notgood,73.55890410958905
save,72.94794520547946
location,72.81643835616438
hour,72.75342465753424
cineplex,72.7095890410959
5,72.16986301369865
nothave,72.15068493150685
regular,71.65479452054794
ruin,71.55342465753424
afternoon,71.48767123287674
extra,71.3917808219178
unfortunately,70.72054794520548
miss,70.47397260273974
phone,70.34520547945205
light,69.92054794520548
extremely,69.11232876712329
cars,68.91232876712328
notat,68.9095890410959
claim,68.8
buck,68.7068493150685
notin,68.67397260273972
date,68.56438356164384
id,68.55342465753425
real,68.46849315068494
site,68.16438356164385
paper,67.85479452054796
position,67.7041095890411
convenie,67.48493150684932
notwa,67.42465753424658
mess,67.37534246575342
visit,67.27397260273972
best,67.227397260274
wall,67.21643835616437
tea,67.2
medium,66.93150684931507
advance,66.84383561643835
set,66.58356164383562
lobby,66.5068493150685
hit,66.43561643835618
middle,66.31232876712329
table,65.76712328767123
studio,65.74794520547945
grill,65.74794520547945
noteat,65.66027397260274
family,65.11506849315069
fee,64.80000000000001
stuff,64.78630136986301
especially,64.65753424657534
imax,64.30684931506849
sell,63.86849315068492
sore,63.8082191780822
impress,63.74246575342465
dollars,63.547945205479465
shouldbe,63.016438356164386
amaze,62.920547945205485
differe,62.8246575342466
box,62.47123287671233
positive,62.21917808219178
notgo,62.219178082191775
notthe,62.213698630136996
space,62.02739726027398
button,61.690410958904124
complete,61.68493150684932
online,61.40273972602739
piece,61.14246575342466
comfortable,60.9013698630137
poor,60.58630136986302
server,59.98082191780823
face,59.43013698630138
tasteless,59.28493150684932
wouldhave,58.783561643835625
pretzels,58.58630136986302
notvery,58.367123287671234
notwork,58.27397260273974
outside,58.11232876712329
lounge,57.99452054794521
view,57.91506849315069
510pm,57.846575342465755
situation,57.66575342465754
neither,57.638356164383566
elevator,57.632876712328766
slow,57.627397260273966
suggest,57.60000000000001
return,57.471232876712335
state,57.224657534246575
wo,57.12054794520548
grade,57.1041095890411
change,57.0027397260274
armrests,56.79452054794522
notknow,55.326027397260276
help,55.29589041095891
coconut,55.2
cut,55.2
overly,54.98082191780822
reasonably,54.81369863013699
lack,54.8027397260274
concessions,54.79452054794521
trip,54.67123287671233
desk,54.64657534246575
attend,54.547945205479465
daughter,54.4109589041096
notcomfortable,54.18630136986301
deal,54.131506849315066
rip,54.12054794520548
business,54.090410958904116
girl,53.989041095890414
sticky,53.69863013698631
children,53.38904109589041
manageme,53.35616438356165
lady,52.923287671232885
dress,52.923287671232885
matinee,52.898630136986306
recliner,52.800000000000004
scene,52.800000000000004
tomato,52.800000000000004
consistency,52.800000000000004
menu,52.63835616438357
notand,52.608219178082194
validate,52.5917808219178
notorder,52.45479452054795
seriously,52.37808219178083
parent,52.14794520547946
bathroom,52.01917808219177
average,52.00000000000001
notinto,52.0
cool,51.9068493150685
2173,51.78082191780822
notmove,51.78082191780822
notrecline,51.515068493150686
standard,51.460273972602735
second,51.4109589041096
shouldhave,51.29041095890412
neverbeen,51.23835616438356
highest,51.208219178082196
steal,51.2
high,51.16712328767123
busy,50.942465753424656
guy,50.904109589041106
hotel,50.8986301369863
slightly,50.800000000000004
notstaff,50.728767123287675
awful,50.61643835616439
learn,50.400000000000006
settle,50.400000000000006
dish,50.4
admission,50.180821917808224
definitely,50.01643835616439
cheap,49.956164383561635
notthat,49.84109589041097
spend,49.68219178082191
block,49.67945205479452
stairs,49.61095890410959
metal,49.6
california,49.6
dinner,49.51506849315069
delicious,49.178082191780824
scream,48.969863013698635
salsa,48.83835616438356
vip,48.800000000000004
bur,48.800000000000004
street,48.78082191780821
live,48.756164383561654
host,48.69041095890411
privilege,48.69041095890411
needle,48.61369863013698
multiplex,48.273972602739725
week,48.024657534246586
restaura,48.0
faster,48.0
sour,48.0
nut,47.97260273972603
plat,47.950684931506856
12,47.92328767123287
70,47.88493150684931
condition,47.79452054794521
stop,47.416438356164385
coke,47.34246575342466
amou,47.22191780821919
near,47.2
hop,47.14520547945206
allow,47.054794520547944
smart,47.038356164383565
venues,47.038356164383565
snap,47.038356164383565
flash,47.038356164383565
suit,46.88767123287672
weeks,46.800000000000004
bulk,46.68767123287672
restrooms,46.657534246575345
spoil,46.4
pair,46.4
80,46.4
weight,46.4
congeal,46.29041095890412
update,46.17534246575343
meals,46.08219178082192
sure,46.06301369863012
fact,45.86027397260274
explain,45.68219178082192
luckily,45.6
events,45.6
fully,45.6
citrus,45.6
sangria,45.6
foam,45.6
lesson,45.6
manufacturers,45.6
result,45.6
unnatural,45.6
train,45.6
favourite,45.6
asiago,45.6
spinach,45.6
artichoke,45.6
notnaan,45.6
dregs,45.6
oily,45.6
nothousemade,45.6
notnachos,45.6
rich,45.6
creamy,45.6
blanch,45.6
border,45.6
lump,45.6
goo,45.6
wifes,45.6
vegetarian,45.6
avocado,45.6
sliver,45.6
flavourful,45.6
puck,45.6
explosion,45.6
triple,45.6
walnuts,45.6
vanilla,45.6
bean,45.6
drizzle,45.6
raspberry,45.6
layer,45.6
chunk,45.6
caramel,45.6
gelatinous,45.6
glob,45.6
chemical,45.6
sweeteners,45.6
dye,45.6
flavour,45.6
strangely,45.6
notchocolate,45.6
scoop,45.6
spoon,45.6
dollops,45.6
nevercould,45.6
identify,45.6
resemble,45.6
fridge,45.6
harden,45.6
jello,45.6
wouldnotpay,45.6
cafeteria,45.6
slop,45.6
summary,45.6
personally,45.6
sign,45.49589041095891
strip,45.405479452054806
noone,45.0986301369863
decent,45.02739726027398
throw,44.893150684931506
stagger,44.800000000000004
lac,44.800000000000004
debitcredit,44.800000000000004
width,44.800000000000004
cameras,44.800000000000004
wife,44.780821917808225
par,44.76164383561644
sink,44.43561643835617
consider,44.31506849315069
happy,44.09589041095891
direction,44.0
isnt,44.0
ago,43.967123287671235
group,43.945205479452056
notbeen,43.88219178082193
bathrooms,43.75890410958904
reserve,43.49589041095891
anthony,43.49589041095891
meal,43.48493150684932
refill,43.31506849315068
mens,43.2
enter,43.2
remember,42.52328767123288
unless,42.49863013698631
obviously,42.45479452054795
proper,42.4
3rd,42.37534246575342
father,42.34520547945206
turn,42.12054794520547
selection,41.93698630136986
notthere,41.83013698630137
child,41.74794520547945
available,41.66575342465754
hall,41.610958904109594
valley,41.6
nottime,41.6
draw,41.6
fiats,41.6
gauge,41.6
comical,41.6
vehicles,41.6
warehouse,41.6
7pm,41.6
1250,41.6
tix,41.6
pollack,41.6
grace,41.6
rifftrax,41.6
k,41.6
lately,41.41369863013699
garage,41.317808219178076
half,40.950684931506856
saw,40.93698630136987
50,40.915068493150685
absolutely,40.44931506849315
sorry,40.353424657534255
attitude,40.2027397260274
share,40.16986301369863
approximately,40.03835616438356
accord,40.03835616438356
yeah,40.02739726027398
charge,39.783561643835625
notrow,39.706849315068496
rock,39.610958904109594
profit,39.331506849315076
anniversary,39.23835616438356
notimpressive,39.23835616438356
bis,39.23835616438356
nottaken,39.23835616438356
60,39.18904109589041
air,39.147945205479445
fast,38.936986301369856
shoot,38.86027397260274
notice,38.69589041095891
answer,38.56438356164384
mome,38.372602739726034
particular,38.21369863013699
ambiance,38.109589041095894
text,37.92328767123288
fan,37.83013698630137
pass,37.7013698630137
3d,37.6904109589041
ones,37.635616438356166
handicap,37.62465753424658
poi,37.6027397260274
excite,37.372602739726034
question,37.35890410958904
club,37.13972602739726
25,37.07945205479452
notworking,37.06575342465753
alternatives,37.03013698630137
begin,36.95616438356165
correct,36.8
knee,36.772602739726025
flat,36.679452054794524
noton,36.65205479452055
mall,36.64109589041095
ridiculous,36.6
notcare,36.558904109589044
concept,36.42191780821918
sony,36.16438356164383
4k,36.16438356164383
number,36.13698630136986
hang,36.11506849315069
thoroughly,36.07671232876713
school,36.03287671232877
legs,36.0
plenty,35.989041095890414
lean,35.778082191780825
youll,35.76712328767123
din,35.635616438356166
exhibit,35.62739726027398
toilet,35.41643835616439
feet,35.25479452054795
cinema,35.07671232876713
easy,34.84657534246575
record,34.74520547945206
picture,34.706849315068496
disappear,34.64109589041096
smile,34.62465753424658
write,34.47945205479452
thank,34.35616438356165
soda,34.19178082191781
quite,34.136986301369866
digital,34.0986301369863
job,34.013698630136986
entrance,33.93150684931506
likely,33.87123287671233
9,33.84657534246576
butter,33.632876712328766
figure,33.6
fix,33.52602739726027
science,33.32602739726028
nottoo,33.065753424657544
fairly,33.052054794520544
groupon,32.84383561643836
bus,32.81643835616438
stain,32.605479452054794
refund,32.52876712328767
managers,32.37808219178082
yes,32.32054794520548
notworth,32.3041095890411
literally,32.26301369863014
understand,32.1041095890411
distract,32.0
appetizers,31.934246575342463
court,31.72054794520548
thx,31.6986301369863
previous,31.682191780821917
management,31.57808219178083
weekday,31.578082191780823
directions,31.22191780821918
multiple,31.073972602739726
theyre,30.96712328767123
suck,30.91232876712329
shouldget,30.909589041095895
vegas,30.778082191780825
creed,30.630136986301366
handle,30.578082191780826
mea,30.564383561643833
slowly,30.520547945205482
notspeak,30.48219178082192
totally,30.136986301369866
amenity,30.109589041095894
fricking,30.109589041095894
preselect,30.109589041095894
mound,30.016438356164386
repair,29.92876712328767
outdated,29.893150684931506
esplanade,29.83013698630137
pm,29.764383561643836
tip,29.720547945205478
disgust,29.67123287671233
correctly,29.6
never,29.49315068493151
register,29.457534246575342
eventually,29.413698630136984
anymore,29.391780821917813
merchandise,29.375342465753427
confuse,29.268493150684932
actual,29.200000000000003
boyfriend,29.15342465753425
skip,29.123287671232877
tonight,29.104109589041094
level,28.94246575342466
18,28.808219178082194
construction,28.800000000000004
trays,28.74520547945206
stupid,28.63287671232877
ignore,28.55890410958904
prior,28.410958904109584
friend,28.320547945205483
filthy,28.24109589041096
ipic,28.23013698630137
pare,28.147945205479452
helpful,28.117808219178084
exceptional,28.10958904109589
waste,28.0986301369863
trouble,28.000000000000004
6,28.0
accept,28.0
south,27.895890410958902
40,27.841095890410962
recently,27.709589041095892
felt,27.706849315068492
add,27.665753424657538
restroom,27.46301369863014
rat,27.443835616438356
dispensers,27.347945205479455
sadly,27.279452054794522
meet,27.18904109589041
importa,27.17260273972603
pack,27.019178082191782
individual,26.99178082191781
video,26.98082191780822
negotiate,26.958904109589042
concert,26.876712328767127
favorite,26.72602739726027
hungry,26.72328767123288
notpay,26.616438356164384
hill,26.51232876712329
loudly,26.506849315068493
press,26.495890410958907
notso,26.482191780821918
low,26.476712328767125
hundreds,26.435616438356163
flavor,26.24109589041096
post,26.238356164383564
slimy,26.19178082191781
1575,26.082191780821915
choice,25.96712328767123
smoke,25.909589041095895
dog,25.726027397260275
barely,25.709589041095892
17,25.682191780821917
include,25.679452054794517
continue,25.6
costco,25.6
character,25.6
microwave,25.6
neighbor,25.6
transit,25.6
notwe,25.534246575342465
alamo,25.46849315068493
compel,25.43561643835617
notor,25.095890410958905
notimpressed,25.057534246575344
party,25.03835616438356
act,24.991780821917807
theatres,24.95616438356165
total,24.942465753424656
bottle,24.915068493150688
warn,24.88219178082192
stude,24.854794520547948
whatsoever,24.800000000000004
lovely,24.800000000000004
wave,24.800000000000004
polite,24.8
station,24.8
cushion,24.74520547945206
future,24.734246575342468
wouldve,24.734246575342468
kick,24.66849315068493
dance,24.638356164383563
repeatedly,24.638356164383563
closest,24.635616438356163
guests,24.5972602739726
age,24.47671232876712
employee,24.394520547945206
terrible,24.273972602739725
freeze,24.265753424657536
fair,24.21095890410959
product,24.197260273972603
selections,24.197260273972603
stall,24.153424657534245
armrest,24.147945205479452
contact,24.134246575342466
anyways,24.10958904109589
deep,24.08219178082192
world,24.07123287671233
true,24.063013698630137
suppose,24.04383561643836
hide,23.97534246575342
meantime,23.94520547945206
complain,23.890410958904113
tube,23.890410958904113
option,23.85753424657534
forward,23.838356164383566
arm,23.835616438356166
notfor,23.75890410958904
bartender,23.64931506849315
attempt,23.59178082191781
notmovie,23.53972602739726
mighty,23.473972602739728
hey,23.416438356164385
lay,23.40821917808219
youd,23.221917808219178
las,23.200000000000006
fashion,23.200000000000003
strong,23.200000000000003
pet,23.14520547945206
dragon,23.14520547945206
cupholders,23.14520547945206
specifically,23.14520547945206
tot,23.14520547945206
soggy,23.14520547945206
macaroni,23.14520547945206
glory,23.14520547945206
soooooo,23.14520547945206
damn,23.090410958904112
notraise,23.035616438356165
bother,22.991780821917807
roll,22.936986301369863
main,22.92054794520548
smell,22.88493150684932
apart,22.816438356164383
aggravate,22.778082191780822
man,22.77260273972603
acoustics,22.641095890410956
wouldyou,22.547945205479454
king,22.536986301369865
womens,22.51506849315069
weve,22.498630136986304
showtime,22.482191780821918
pull,22.44383561643836
cost,22.42739726027397
notreally,22.40821917808219
sales,22.400000000000002
ensure,22.400000000000002
visibility,22.400000000000002
vantage,22.400000000000002
notcomme,22.400000000000002
factor,22.400000000000002
affect,22.400000000000002
negatively,22.400000000000002
transitreliant,22.400000000000002
terminal,22.400000000000002
refer,22.400000000000002
websites,22.400000000000002
nosignage,22.400000000000002
indicate,22.400000000000002
shouldcircle,22.400000000000002
pour,22.400000000000002
rain,22.400000000000002
discover,22.400000000000002
noatm,22.400000000000002
extreme,22.400000000000002
abnormality,22.400000000000002
atm,22.400000000000002
1994,22.400000000000002
recall,22.400000000000002
population,22.400000000000002
massey,22.400000000000002
shouldnotbe,22.400000000000002
noshoulder,22.400000000000002
halfhug,22.400000000000002
arthritic,22.400000000000002
spasmed,22.400000000000002
violently,22.400000000000002
angle,22.400000000000002
disable,22.400000000000002
neversit,22.400000000000002
nophotography,22.400000000000002
artists,22.400000000000002
notsell,22.400000000000002
nonprofessional,22.400000000000002
permit,22.400000000000002
notobstructing,22.400000000000002
nevernoticed,22.400000000000002
flashlight,22.400000000000002
wildly,22.400000000000002
notstopped,22.400000000000002
chastise,22.400000000000002
encore,22.400000000000002
fastpaced,22.400000000000002
song,22.400000000000002
silly,22.400000000000002
notanyone,22.400000000000002
neverattend,22.400000000000002
shame,22.400000000000002
underweight,22.400000000000002
ableist,22.400000000000002
shop,22.4
cocktail,22.361643835616437
projector,22.290410958904108
wouldnotrecommend,22.18082191780822
notgreat,22.15890410958904
thursday,22.05753424657534
exist,21.95890410958904
typical,21.84109589041096
towel,21.747945205479454
900,21.747945205479454
pg13,21.747945205479454
nottook,21.747945205479454
essentially,21.747945205479454
prefer,21.742465753424657
adjoin,21.660273972602738
2012,21.6
supper,21.6
delight,21.6
wouldhalfass,21.6
incorrect,21.6
wouldat,21.6
redeem,21.6
subpar,21.6
2d,21.534246575342465
fave,21.534246575342465
notallowing,21.534246575342465
notanything,21.534246575342465
mia,21.534246575342465
tab,21.534246575342465
nottold,21.534246575342465
seriouslywe,21.534246575342465
switch,21.534246575342465
split,21.534246575342465
dinnermovie,21.534246575342465
discou,21.523287671232875
mgm,21.435616438356163
skills,21.260273972602743
plan,21.19178082191781
music,21.145205479452052
u,21.112328767123287
speak,21.068493150684933
manage,21.043835616438354
minute,20.800000000000004
certainly,20.8
11,20.59726027397261
notsure,20.575342465753426
larger,20.572602739726033
auditorium,20.534246575342465
garbage,20.4027397260274
holiday,20.241095890410957
property,20.0
downtown,20.0
bowl,19.956164383561646
worry,19.945205479452053
step,19.89041095890411
book,19.80821917808219
none,19.780821917808222
meh,19.723287671232878
notas,19.71232876712329
noconcept,19.578082191780823
hisher,19.578082191780823
background,19.578082191780823
noworkers,19.578082191780823
 especially,19.578082191780823
notleast,19.578082191780823
psst,19.578082191780823
listen,19.578082191780823
dumb,19.578082191780823
comme,19.578082191780823
az,19.55890410958904
yah,19.30958904109589
harkinstheatrescom,19.28219178082192
512pm,19.28219178082192
445pm,19.28219178082192
notlisted,19.28219178082192
salvage,19.28219178082192
disrespect,19.28219178082192
notfirst,19.28219178082192
showtimes,19.28219178082192
eve,19.22191780821918
tweakers,19.216438356164385
eye,19.200000000000003
sodas,19.17260273972603
escalator,19.156164383561645
recommend,19.13972602739726
stadium,19.076712328767123
lose,19.068493150684933
policy,19.032876712328765
complai,18.945205479452056
locations,18.93150684931507
recliners,18.904109589041095
bright,18.882191780821916
buffet,18.794520547945208
rid,18.704109589041096
dark,18.684931506849317
pricey,18.64109589041096
appetizer,18.619178082191784
notmake,18.5972602739726
course,18.578082191780826
fall,18.575342465753426
display,18.421917808219177
military,18.413698630136984
nicer,18.400000000000002
weak,18.400000000000002
nosoap,18.400000000000002
guest,18.38904109589041
1m,18.383561643835616
tear,18.295890410958904
travel,18.279452054794525
arizona,18.202739726027396
shoe,18.10684931506849
enjoyable,18.0986301369863
local,18.087671232876712
1star,18.082191780821915
liemax,18.082191780821915
projectors,18.082191780821915
crisp,18.082191780821915
isolation,18.082191780821915
nonexistent,18.082191780821915
gunshotexplosionhelicopter,18.082191780821915
wouldneverpass,18.082191780821915
audit,18.082191780821915
oldschoolers,18.082191780821915
insulation,18.082191780821915
notrock,18.082191780821915
nostars,18.082191780821915
glass,17.964383561643835
summer,17.93972602739726
notsee,17.93150684931507
notan,17.90958904109589
avoid,17.904109589041095
fresh,17.84109589041096
refreshments,17.71506849315068
nobody,17.712328767123285
ugh,17.608219178082194
w,17.6
completely,17.6
notexpect,17.6
nearly,17.6
imagine,17.586301369863016
constantly,17.383561643835616
irritate,17.33150684931507
months,17.328767123287676
aesthetics,17.265753424657536
tall,17.24109589041096
receive,17.208219178082192
hate,17.2
luxury,17.09315068493151
difference,17.084931506849315
projection,17.041095890410958
ready,16.904109589041095
house,16.898630136986302
disaster,16.863013698630137
wow,16.726027397260275
different,16.715068493150685
pop,16.61917808219178
remind,16.52328767123288
benefit,16.482191780821918
fade,16.465753424657535
750,16.257534246575347
pizza,16.10958904109589
nevercame,16.095890410958905
single,16.079452054794523
museum,16.03287671232877
saturday,16.02191780821918
jurassic,16.008219178082193
prompt,16.0
suite,16.0
awesome,16.0
bland,16.0
conference,16.0
limit,15.972602739726028
restaurants,15.964383561643837
closer,15.898630136986302
quickly,15.838356164383564
event,15.736986301369864
nottake,15.726027397260275
museums,15.693150684931506
phoenix,15.693150684931506
corner,15.654794520547945
notkeep,15.600000000000001
necessary,15.44109589041096
notwith,15.441095890410958
selfserve,15.441095890410958
quick,15.441095890410958
waitress,15.336986301369864
monthly,15.315068493150683
basis,15.315068493150683
neverlooked,15.315068493150683
unpleasant,15.315068493150683
xd,15.315068493150683
nor,15.263013698630138
unlike,15.254794520547946
notgoing,15.210958904109589
unpleasa,15.200000000000001
notseem,15.068493150684931
glad,15.032876712328767
rece,15.013698630136986
underside,15.008219178082193
steeper,15.008219178082193
popular,14.958904109589042
cleaner,14.841095890410958
min,14.832876712328769
lukewarm,14.813698630136987
north,14.810958904109588
auditoriums,14.791780821917808
worker,14.704109589041094
brown,14.641095890410957
fault,14.473972602739725
nap,14.421917808219177
flixster,14.400000000000002
proceed,14.400000000000002
furious,14.400000000000002
dad,14.4
lettuce,14.4
corporate,14.399999999999999
negative,14.397260273972602
exit,14.276712328767124
woman,14.246575342465754
portion,14.238356164383562
combine,14.23835616438356
hotels,14.158904109589042
wednesday,14.153424657534245
notreclining,14.04109589041096
aware,13.991780821917807
simply,13.93972602739726
impossible,13.909589041095892
sketchy,13.87945205479452
higher,13.857534246575344
depress,13.772602739726029
renovations,13.720547945205482
modern,13.68767123287671
cookie,13.654794520547945
police,13.638356164383563
shift,13.608219178082194
setup,13.600000000000001
game,13.600000000000001
teenagers,13.600000000000001
noidea,13.600000000000001
notterrible,13.600000000000001
pork,13.600000000000001
cleanliness,13.6
random,13.6
burgers,13.6
dinein,13.51232876712329
fabulous,13.438356164383562
hours,13.43835616438356
gift,13.419178082191781
read,13.32876712328767
sunday,13.323287671232876
notbeing,13.30958904109589
frustrate,13.27945205479452
tick,13.271232876712329
notis,13.241095890410957
plastic,13.128767123287671
tone,13.12054794520548
outrageous,13.104109589041094
notfond,13.041095890410958
buttersalt,13.041095890410958
appropriate,13.041095890410958
adjust,13.041095890410958
coat,13.041095890410958
proximity,13.041095890410958
noconcession,13.041095890410958
straight,13.005479452054795
entry,12.989041095890412
narrow,12.956164383561646
compare,12.928767123287672
prostitute,12.876712328767123
century,12.86849315068493
notfind,12.808219178082194
fine,12.8
follow,12.8
notid,12.8
dozen,12.8
efficie,12.8
decision,12.8
pathetic,12.8
handful,12.8
terribly,12.8
sugary,12.8
nodirection,12.8
creak,12.8
groan,12.8
135,12.8
lbs,12.8
function,12.8
notservice,12.8
disrupt,12.8
caesar,12.8
certain,12.799999999999999
chain,12.783561643835618
atmosphere,12.712328767123289
discount,12.698630136986303
drop,12.665753424657536
locals,12.55890410958904
poorly,12.55890410958904
impressive,12.536986301369865
cmon,12.47123287671233
nolonger,12.465753424657535
color,12.465753424657535
skyrocket,12.465753424657535
notreinvested,12.465753424657535
piss,12.408219178082192
noise,12.39178082191781
affordable,12.345205479452057
notconcession,12.345205479452057
croods,12.345205479452057
brokenhearted,12.345205479452057
easter,12.345205479452057
hearts,12.345205479452057
young,12.323287671232876
noti,12.32054794520548
lite,12.317808219178083
normal,12.287671232876715
hire,12.216438356164385
centre,12.156164383561645
arrangeme,12.156164383561645
items,12.115068493150687
apparently,12.021917808219179
permane,12.021917808219179
ring,12.013698630136986
grind,12.01095890410959
dollar,12.008219178082193
notsit,12.008219178082193
choose,12.000000000000002
forever,12.000000000000002
rush,12.000000000000002
notout,12.000000000000002
simple,12.000000000000002
alive,12.000000000000002
conjure,12.0
700pm,12.0
cancel,12.0
booth,12.0
copy,12.0
chandler,12.0
sunset,12.0
promise,12.0
hooters,12.0
screw,12.0
downward,12.0
projectory,12.0
surly,12.0
sellers,12.0
notpleasant,12.0
hose,12.0
combo,12.0
wine,12.0
drafthouse,12.0
cashier,11.994520547945207
ceiling,11.969863013698632
beverages,11.893150684931506
longer,11.868493150684932
crack,11.86849315068493
audience,11.838356164383562
silvercity,11.797260273972604
soon,11.775342465753425
connect,11.775342465753425
tough,11.758904109589041
bartenders,11.758904109589041
pure,11.742465753424657
standup,11.736986301369864
comedy,11.736986301369864
oversold,11.736986301369864
degrees,11.736986301369864
therewhich,11.736986301369864
baseme,11.736986301369864
amsterdam,11.736986301369864
planningfail,11.736986301369864
notimagine,11.720547945205482
ottomans,11.704109589041096
sofa,11.704109589041096
notmade,11.704109589041096
attenda,11.704109589041096
lighten,11.704109589041096
mix,11.7013698630137
win,11.676712328767124
decline,11.66027397260274
texting,11.66027397260274
gladly,11.66027397260274
taco,11.594520547945205
appeal,11.591780821917807
kinda,11.578082191780823
soooo,11.50958904109589
7,11.498630136986304
awkward,11.457534246575344
nostaff,11.43013698630137
latest,11.389041095890413
city,11.378082191780823
preview,11.36986301369863
finish,11.30958904109589
nottheaters,11.254794520547945
bye,11.232876712328768
reward,11.208219178082192
bc,11.200000000000001
wallet,11.200000000000001
notyou,11.200000000000001
notwhat,11.200000000000001
condiments,11.200000000000001
woulddo,11.200000000000001
quesadillas,11.200000000000001
parmesan,11.200000000000001
lame,11.200000000000001
soso,11.200000000000001
unique,11.200000000000001
sullen,11.200000000000001
notteenager,11.200000000000001
impression,11.200000000000001
darkness,11.200000000000001
smgs,11.200000000000001
board,11.200000000000001
candidate,11.200000000000001
automation,11.200000000000001
turnstile,11.200000000000001
qr,11.200000000000001
code,11.200000000000001
reader,11.200000000000001
woulddefinitely,11.200000000000001
inseat,11.200000000000001
buttonlight,11.200000000000001
flag,11.200000000000001
manual,11.200000000000001
raise,11.200000000000001
voice,11.200000000000001
malfunction,11.200000000000001
robotically,11.200000000000001
impatiently,11.200000000000001
yr,11.200000000000001
emphasize,11.200000000000001
notgive,11.200000000000001
nottaking,11.200000000000001
incredibles,11.200000000000001
f56,11.200000000000001
inout,11.200000000000001
toronto,11.200000000000001
nodrive,11.200000000000001
expert,11.200000000000001
grimy,11.200000000000001
disconcert,11.200000000000001
narcotics,11.200000000000001
mosquitos,11.200000000000001
bias,11.200000000000001
wellfleet,11.200000000000001
cape,11.200000000000001
cod,11.200000000000001
alley,11.2
luck,11.2
hand,11.2
apology,11.2
notlike,11.2
apologetic,11.2
entertainme,11.2
premium,11.2
cafe,11.2
hold,11.2
strictly,11.2
market,11.194520547945206
program,11.169863013698631
francisco,11.112328767123287
notbad,11.090410958904112
sense,11.038356164383561
realize,11.038356164383561
son,10.98082191780822
hopefully,10.975342465753425
value,10.964383561643837
notdesk,10.958904109589042
biggest,10.953424657534246
nearby,10.928767123287672
goers,10.923287671232877
remodel,10.8
ac,10.79178082191781
mainly,10.704109589041096
brand,10.698630136986303
whats,10.66027397260274
casinos,10.641095890410961
grand,10.63013698630137
clear,10.542465753424658
notparticularly,10.454794520547946
attention,10.416438356164386
decency,10.416438356164385
ghetto,10.413698630136986
notthan,10.413698630136986
weird,10.408219178082193
wouldnotstop,10.4
crap,10.4
schedule,10.4
bust,10.4
roadhouse,10.4
halfway,10.4
control,10.4
overcook,10.4
life,10.4
favorites,10.4
wet,10.397260273972602
notlet,10.39178082191781
carpet,10.367123287671234
heat,10.290410958904111
goodness,10.273972602739725
chat,10.23835616438356
lower,10.158904109589042
nothad,10.002739726027396
banana,9.978082191780823
creepy,9.947945205479453
comment,9.909589041095892
cinder,9.904109589041095
nocharacter,9.904109589041095
drag,9.87123287671233
bf,9.73972602739726
track,9.663013698630138
cuttered,9.654794520547945
notexceptional,9.654794520547945
products,9.654794520547945
notdiscounts,9.654794520547945
f,9.654794520547945
rotten,9.654794520547945
bastards,9.654794520547945
lackadaisical,9.654794520547945
woo,9.654794520547945
hoo,9.654794520547945
pf,9.654794520547945
aok,9.654794520547945
ai,9.654794520547945
notfeeli,9.654794520547945
everyday,9.654794520547945
independe,9.654794520547945
personality,9.654794520547945
pizazz,9.654794520547945
wtf,9.621917808219179
wowtheater,9.608219178082193
sauna,9.608219178082193
sympathy,9.608219178082193
noreason,9.608219178082193
coy,9.608219178082193
squeeze,9.608219178082193
cou,9.608219178082193
disruptiveimporta,9.608219178082193
notpart,9.608219178082193
spite,9.608219178082193
balmy,9.608219178082193
wouldalways,9.608219178082193
pant,9.608219178082193
thankfully,9.600000000000001
toddlers,9.600000000000001
crew,9.600000000000001
upright,9.600000000000001
york,9.600000000000001
wouldnotcome,9.600000000000001
amex,9.600000000000001
multi,9.600000000000001
wouldnotlike,9.600000000000001
notready,9.600000000000001
yorkdale,9.600000000000001
afford,9.600000000000001
tempe,9.600000000000001
buffett,9.600000000000001
menudo,9.600000000000001
notseen,9.600000000000001
med,9.600000000000001
rare,9.600000000000001
judge,9.600000000000001
potential,9.600000000000001
month,9.6
comparison,9.49041095890411
dine,9.49041095890411
grouchy,9.468493150684932
industry,9.383561643835616
notgetting,9.364383561643837
neverhad,9.35890410958904
ear,9.35890410958904
process,9.32054794520548
yell,9.276712328767124
personal,9.276712328767122
lucky,9.241095890410959
wouldrather,9.210958904109589
quiet,9.200000000000001
gia,9.194520547945206
hype,9.191780821917808
hip,9.191780821917808
screech,9.191780821917808
cast,9.191780821917808
green,9.191780821917808
glow,9.191780821917808
offset,9.191780821917808
accordingly,9.191780821917808
hwy7,9.191780821917808
yonge,9.191780821917808
notdown,9.117808219178082
ridge,9.104109589041096
sideways,9.098630136986303
7yo,9.098630136986303
cigarette,9.076712328767124
notstand,9.068493150684931
mediocre,9.068493150684931
kitkats,9.04109589041096
technical,9.04109589041096
difficulty,9.04109589041096
visible,9.03013698630137
major,8.95068493150685
member,8.909589041095892
mouth,8.904109589041097
doubt,8.898630136986302
galaxy,8.827397260273973
davinci,8.821917808219178
notsigns,8.821917808219178
diamondbacks,8.821917808219178
obscene,8.821917808219178
notsan,8.821917808219178
excessive,8.821917808219178
waaayyyy,8.821917808219178
mvd,8.821917808219178
concrete,8.821917808219178
bomb,8.821917808219178
shelter,8.821917808219178
groupons,8.821917808219178
impatient,8.821917808219178
inthecorner,8.821917808219178
notexhibits,8.821917808219178
yelp,8.816438356164385
purpose,8.8
boyfriends,8.8
panera,8.8
smug,8.8
notbring,8.8
smugness,8.8
nointerpersonal,8.8
notstory,8.8
central,8.8
bigger,8.8
interrupt,8.8
camelview,8.8
god,8.8
disorganize,8.8
peanut,8.8
horrid,8.8
sidewalk,8.8
risk,8.8
notrecommend,8.8
spamalot,8.8
potatoes,8.8
pasta,8.8
rancid,8.8
tempura,8.8
roast,8.8
beef,8.8
tenderloin,8.8
salad,8.8
anchovy,8.8
desserts,8.8
pool,8.8
crazy,8.797260273972604
base,8.772602739726029
word,8.761643835616438
hole,8.756164383561645
queen,8.756164383561645
ahead,8.756164383561645
assume,8.753424657534246
authority,8.742465753424657
deliver,8.690410958904112
battle,8.690410958904112
remainder,8.690410958904112
alongside,8.69041095890411
1015,8.668493150684931
urine,8.668493150684931
notflushed,8.668493150684931
shut,8.638356164383563
field,8.597260273972605
section,8.58082191780822
inconvenience,8.55890410958904
wifi,8.55890410958904
older,8.534246575342465
feature,8.523287671232877
mention,8.520547945205479
brutal,8.471232876712328
outta,8.378082191780823
mattresses,8.378082191780823
notdo,8.372602739726027
women,8.328767123287673
company,8.317808219178083
ovens,8.315068493150685
arrowhead,8.284931506849315
unprofessional,8.257534246575343
audio,8.230136986301371
volume,8.172602739726027
kitchen,8.134246575342466
itll,8.115068493150686
spe,8.098630136986301
nevergot,8.098630136986301
self,8.063013698630137
truly,8.063013698630137
model,8.032876712328768
nadion,8.032876712328768
generators,8.032876712328768
slipshod,8.032876712328768
fear,8.032876712328768
friday,8.01095890410959
mins,8.0
575,8.0
jr,8.0
edc,8.0
rent,8.0
35,8.0
surprisingly,8.0
treatme,8.0
blackjack,8.0
fat,8.0
ny,8.0
philharmonic,8.0
notcompany,8.0
ah,8.0
boy,8.0
scanline,8.0
notup,8.0
hd,8.0
nevercared,8.0
nevercome,8.0
notokay,8.0
notavoid,8.0
pretend,8.0
politely,8.0
governme,8.0
notissued,8.0
veteran,8.0
notvalid,8.0
speaker,8.0
discretion,8.0
complaints,8.0
nothonor,8.0
stories,8.0
aside,8.0
notany,8.0
newer,8.0
favor,8.0
vaca,8.0
concierge,8.0
notall,8.0
sadness,8.0
round,8.0
boys,8.0
wrap,8.0
beach,8.0
hes,7.994520547945205
soak,7.958904109589042
wonderful,7.890410958904111
nevercomes,7.890410958904111
straighten,7.890410958904111
becuase,7.890410958904111
uhg,7.890410958904111
notclimactic,7.890410958904111
wince,7.890410958904111
ladies,7.890410958904111
flashlights,7.890410958904111
tv,7.89041095890411
fresher,7.882191780821917
etiquette,7.882191780821917
systems,7.789041095890411
opera,7.786301369863015
salt,7.786301369863015
square,7.764383561643836
housekeep,7.758904109589041
seven,7.758904109589041
surprise,7.728767123287672
metropolitan,7.676712328767124
cleanlinesscustomer,7.66027397260274
plate,7.66027397260274
tire,7.613698630136987
80s,7.528767123287672
deadpool,7.520547945205481
attendants,7.515068493150684
positives,7.5041095890410965
inexpensive,7.5041095890410965
jammies,7.5041095890410965
radio,7.5041095890410965
notangle,7.5041095890410965
scrape,7.5041095890410965
yikes,7.5041095890410965
traverse,7.5041095890410965
notscrape,7.5041095890410965
nervewracking,7.5041095890410965
barrel,7.5041095890410965
noexit,7.5041095890410965
afraid,7.5041095890410965
damage,7.5041095890410965
shadow,7.5041095890410965
grow,7.5041095890410965
notcities,7.5041095890410965
notlook,7.484931506849315
pros,7.468493150684932
desire,7.446575342465755
horse,7.3726027397260285
case,7.317808219178082
safety,7.304109589041096
notincluding,7.298630136986302
freque,7.213698630136986
indie,7.200000000000001
public,7.200000000000001
class,7.200000000000001
uh,7.200000000000001
casino,7.2
loudmouthed,7.2
notappreciate,7.2
hump,7.2
notbut,7.2
attentiveness,7.2
shout,7.2
blanket,7.2
shortstaffed,7.2
consumers,7.2
bistro,7.2
notlittle,7.2
backwards,7.2
students,7.2
dudes,7.2
shit,7.2
hell,7.2
noproblem,7.2
downside,7.2
c3,7.2
c4,7.2
notspots,7.2
lol,7.2
noparking,7.2
underneath,7.2
bridge,7.2
kaori,7.2
stroll,7.2
gollum,7.2
lineup,7.2
g20,7.2
squad,7.2
notnotice,7.2
imax3d,7.2
kelseys,7.2
promo,7.2
layout,7.2
encourage,7.2
overlook,7.2
noconsistency,7.2
nocheese,7.2
sprinkle,7.2
jalapeños,7.2
jalapeño,7.2
extras,7.2
generic,7.2
odd,7.2
45,7.1726027397260275
exchange,7.172602739726027
variety,7.164383561643835
nomatter,7.161643835616437
til,7.112328767123288
wish,7.112328767123287
engage,7.09041095890411
miserable,7.0410958904109595
notback,7.041095890410959
repeat,7.038356164383562
mistake,7.038356164383562
fail,7.038356164383561
general,7.038356164383561
crab,7.035616438356165
performance,6.986301369863014
readily,6.975342465753425
notthought,6.975342465753425
invest,6.975342465753425
receipt,6.975342465753425
notsince,6.975342465753425
embarrass,6.915068493150685
convenient,6.873972602739726
percentage,6.87123287671233
notnecessarily,6.849315068493151
technically,6.7972602739726025
appare,6.7972602739726025
maker,6.778082191780822
valet,6.778082191780822
oyster,6.778082191780822
appear,6.764383561643836
whisper,6.736986301369862
funny,6.728767123287671
ears,6.728767123287671
regularly,6.682191780821917
11pm,6.605479452054794
assist,6.605479452054794
obvious,6.602739726027398
inform,6.589041095890411
ridiculously,6.589041095890411
everytime,6.534246575342466
wake,6.5041095890410965
op,6.5041095890410965
headache,6.5041095890410965
airco,6.5041095890410965
germs,6.5041095890410965
health,6.5041095890410965
lungs,6.5041095890410965
endure,6.5041095890410965
submit,6.5041095890410965
formal,6.5041095890410965
widespread,6.5041095890410965
notjust,6.5041095890410965
2287,6.5041095890410965
window,6.476712328767123
nojoke,6.438356164383562
dope,6.438356164383562
hello,6.438356164383562
excitement,6.438356164383562
casinois,6.438356164383562
tad,6.438356164383562
notfar,6.438356164383562
hurt,6.4301369863013695
accommodate,6.41095890410959
notinside,6.4
150,6.4
22couple,6.4
notserve,6.4
watcha,6.4
notyet,6.4
watned,6.4
fraction,6.4
costbut,6.4
jump,6.4
laugh,6.4
gee,6.4
wrangle,6.4
neverthose,6.4
till,6.4
mile,6.4
redbox,6.4
dirt,6.4
trailerpark,6.4
eagerly,6.4
olds,6.4
ids,6.4
proof,6.4
digitally,6.4
notabout,6.4
chatty,6.4
nothelp,6.4
sitter,6.4
generally,6.4
partner,6.4
collector,6.4
pause,6.4
breaker,6.4
leather,6.4
wouldsuggest,6.4
poker,6.4
flight,6.4
shuttle,6.4
specials,6.4
organization,6.372602739726028
birkram,6.372602739726027
yoga,6.372602739726027
coupon,6.372602739726027
sting,6.372602739726027
um,6.372602739726027
suggestion,6.372602739726027
wouldget,6.372602739726027
notoffer,6.336986301369863
non,6.301369863013699
fork,6.241095890410959
nobutter,6.186301369863014
sloppy,6.1589041095890416
double,6.123287671232877
clearly,6.117808219178082
greasy,6.071232876712329
nottheater,6.013698630136987
toss,5.978082191780823
fuck,5.978082191780823
registration,5.978082191780823
sandwich,5.975342465753425
cinemas,5.956164383561644
notcleaned,5.928767123287671
compete,5.928767123287671
loss,5.917808219178082
workers,5.871232876712329
downstairs,5.865753424657535
coffee,5.865753424657535
notloving,5.83013698630137
notamc,5.83013698630137
capable,5.83013698630137
calibrate,5.83013698630137
blast,5.83013698630137
trigger,5.83013698630137
anxiety,5.83013698630137
panic,5.83013698630137
attack,5.83013698630137
reasonable,5.83013698630137
mesa,5.83013698630137
counterguest,5.83013698630137
nomanagement,5.83013698630137
dt,5.83013698630137
scottsdale,5.83013698630137
systemic,5.83013698630137
address,5.83013698630137
welltrained,5.83013698630137
shatter,5.83013698630137
volumes,5.83013698630137
notsaying,5.83013698630137
currently,5.83013698630137
majority,5.8054794520547945
grab,5.758904109589041
nocommon,5.676712328767123
courtesy,5.676712328767123
cause,5.663013698630137
uptown,5.638356164383562
cook,5.610958904109589
easily,5.6000000000000005
possible,5.6000000000000005
behavior,5.6000000000000005
inquire,5.6000000000000005
notoptions,5.6000000000000005
nosolutions,5.6000000000000005
notacceptable,5.6000000000000005
remain,5.6000000000000005
bed,5.6000000000000005
tuesdays,5.6000000000000005
nosense,5.6000000000000005
urgency,5.6000000000000005
chitchat,5.6000000000000005
approach,5.6000000000000005
continuously,5.6000000000000005
dive,5.6000000000000005
clog,5.6000000000000005
toilets,5.6000000000000005
mirror,5.6000000000000005
disgustingly,5.6000000000000005
reflection,5.6000000000000005
hrs,5.6000000000000005
theaterwhen,5.6000000000000005
overflow,5.6000000000000005
gals,5.6000000000000005
refreshme,5.6000000000000005
nopersonality,5.6000000000000005
nosmiling,5.6000000000000005
n,5.6000000000000005
hydas,5.6000000000000005
marketplace,5.6000000000000005
hamburger,5.6000000000000005
procedure,5.6000000000000005
rolly,5.6000000000000005
sampler,5.6000000000000005
umm,5.6000000000000005
shouldnotcost,5.6000000000000005
shouldnotparmesan,5.6000000000000005
grouponmania,5.6000000000000005
quesadilla,5.6000000000000005
isle,5.6000000000000005
notareas,5.6000000000000005
select,5.6000000000000005
checkin,5.6000000000000005
2030,5.6
immediately,5.6
couch,5.6
hassle,5.6
catch,5.6
strange,5.6
idea,5.6
devoid,5.6
neighborhood,5.501369863013699
san,5.490410958904111
surround,5.490410958904111
noneed,5.490410958904111
members,5.490410958904111
90s,5.438356164383562
alcohol,5.438356164383562
caption,5.427397260273972
imitation,5.386301369863014
noflavored,5.386301369863014
harkin,5.386301369863014
premiere,5.367123287671233
bounce,5.358904109589041
ton,5.323287671232877
wouldnotgo,5.32054794520548
bend,5.32054794520548
bunch,5.284931506849315
chance,5.271232876712329
understaffed,5.271232876712329
painfully,5.271232876712329
discus,5.271232876712329
tingly,5.271232876712329
holders,5.2164383561643834
validation,5.183561643835617
news,5.1287671232876715
notmuch,5.12054794520548
oven,5.117808219178082
noline,5.095890410958904
kwn,5.095890410958904
loews,5.095890410958904
relax,5.087671232876712
r,5.07123287671233
sliders,5.057534246575343
sully,5.005479452054795
vote,5.005479452054795
wtffffff,5.005479452054795
1045,5.005479452054795
notstart,5.005479452054795
res,5.005479452054795
red,4.909589041095891
nodrinks,4.909589041095891
notspend,4.909589041095891
notfood,4.898630136986302
forth,4.832876712328767
folks,4.8273972602739725
tacky,4.813698630136987
absolute,4.800000000000001
notduring,4.800000000000001
notscream,4.800000000000001
cannothandle,4.800000000000001
mommy,4.800000000000001
notit,4.800000000000001
library,4.800000000000001
asu,4.800000000000001
environment,4.800000000000001
ease,4.800000000000001
thursdays,4.800000000000001
ultra,4.800000000000001
notbecause,4.800000000000001
traffic,4.800000000000001
nevercorrect,4.800000000000001
largest,4.800000000000001
apps,4.800000000000001
notpaying,4.800000000000001
scan,4.800000000000001
doors,4.800000000000001
nottell,4.800000000000001
wellwe,4.800000000000001
desert,4.800000000000001
entree,4.800000000000001
ppl,4.800000000000001
motel,4.800000000000001
advertise,4.800000000000001
tuesday,4.800000000000001
se,4.800000000000001
precious,4.800000000000001
dee,4.800000000000001
request,4.800000000000001
firm,4.800000000000001
supersize,4.800000000000001
swim,4.800000000000001
gravy,4.800000000000001
texas,4.800000000000001
kudos,4.800000000000001
omlets,4.800000000000001
pillowtop,4.800000000000001
chocolates,4.800000000000001
plumber,4.800000000000001
drainoo,4.800000000000001
unclog,4.800000000000001
drain,4.800000000000001
prebooked,4.800000000000001
obedience,4.800000000000001
classmates,4.800000000000001
bark,4.800000000000001
notconsidering,4.800000000000001
honeymoon,4.800000000000001
endup,4.800000000000001
annul,4.800000000000001
morningenuff,4.800000000000001
undesirables,4.800000000000001
paperthin,4.800000000000001
grandchildren,4.800000000000001
lakes,4.800000000000001
holy,4.800000000000001
coliseei,4.800000000000001
dix,4.800000000000001
french,4.800000000000001
determine,4.800000000000001
unable,4.800000000000001
managerdude,4.800000000000001
prime,4.800000000000001
ff6,4.800000000000001
shrug,4.800000000000001
tomorrow,4.800000000000001
ughh,4.800000000000001
snottily,4.800000000000001
rudest,4.800000000000001
sooooooooo,4.800000000000001
ff,4.800000000000001
hilarious,4.800000000000001
sleeze,4.800000000000001
driveins,4.800000000000001
wanna,4.800000000000001
execute,4.800000000000001
notmovies,4.800000000000001
starters,4.800000000000001
47minutes,4.800000000000001
mcdonalds,4.800000000000001
voucher,4.800000000000001
yellow,4.800000000000001
splotch,4.800000000000001
stonecrest,4.800000000000001
stable,4.800000000000001
arrival,4.800000000000001
nights,4.8
breakfast,4.8
sweat,4.8
bun,4.8
rule,4.764383561643836
drug,4.701369863013698
spill,4.671232876712329
replace,4.663013698630137
key,4.641095890410959
elements,4.641095890410959
winner,4.641095890410959
notdislike,4.641095890410959
excuse,4.641095890410959
primarily,4.641095890410959
noenthusiasm,4.641095890410959
slower,4.641095890410959
molasses,4.641095890410959
notmanageme,4.641095890410959
notmore,4.641095890410959
intune,4.641095890410959
efficiently,4.641095890410959
notbeat,4.641095890410959
loungers,4.641095890410959
amiright,4.641095890410959
appearance,4.638356164383562
smash,4.638356164383562
charlotte,4.638356164383562
sweetener,4.624657534246575
security,4.610958904109589
areas,4.58082191780822
notseveral,4.558904109589041
wouldsay,4.558904109589041
notstay,4.558904109589041
sp,4.558904109589041
indiffere,4.558904109589041
plain,4.558904109589041
shouldthey,4.558904109589041
union,4.558904109589041
wheneveri,4.558904109589041
interact,4.558904109589041
wood,4.558904109589041
ball,4.558904109589041
sleep,4.558904109589041
outlets,4.558904109589041
devices,4.558904109589041
caliber,4.558904109589041
lowbrow,4.558904109589041
drunks,4.558904109589041
tippers,4.558904109589041
professionals,4.558904109589041
nongamblingdrinking,4.558904109589041
activities,4.558904109589041
prioritize,4.558904109589041
hohum,4.558904109589041
universally,4.558904109589041
college,4.558904109589041
noexcuse,4.558904109589041
notlive,4.528767123287672
tour,4.528767123287672
steep,4.528767123287672
notreturn,4.523287671232877
opinion,4.52054794520548
band,4.476712328767123
sons,4.476712328767123
attendees,4.476712328767123
intimate,4.476712328767123
acoustic,4.476712328767123
discourage,4.476712328767123
joke,4.378082191780822
chest,4.378082191780822
notcrowded,4.287671232876712
nasty,4.271232876712329
stink,4.205479452054795
facility,4.156164383561645
13,4.101369863013699
membership,4.079452054794521
edifice,4.016438356164384
standalone,4.016438356164384
notstar,4.016438356164384
trek,4.016438356164384
ship,4.016438356164384
fairview,4.016438356164384
tight,4.016438356164384
escalators,4.016438356164384
aisle,4.016438356164384
vendors,4.016438356164384
grub,4.016438356164384
foresight,4.016438356164384
pig,4.016438356164384
liquid,4.016438356164384
assymetrical,4.016438356164384
pulse,4.016438356164384
bloody,4.016438356164384
enterprise,4.016438356164384
ncc1701d,4.016438356164384
sober,4.016438356164384
yall,4.016438356164384
ttc,4.016438356164384
drivers,4.016438356164384
careful,4.016438356164384
ride,4.013698630136986
believe,4.0
poop,4.0
definitively,4.0
marry,4.0
mom,4.0
notfour,4.0
suitewell,4.0
motto,4.0
knowseriously,4.0
frustration,4.0
email,4.0
500,4.0
1000,4.0
notindicative,4.0
chump,4.0
escalate,4.0
gm,4.0
buffetsyeah,4.0
rightnot,4.0
errors,4.0
localsbull,4.0
someones,4.0
brain,4.0
obviousthey,4.0
success,4.0
benjerrys,4.0
accessible,4.0
quieter,4.0
freeways,4.0
stripway,4.0
gamble,4.0
adventurous,4.0
ben,4.0
jerrys,4.0
brew,4.0
hazard,4.0
oil,4.0
complaint,4.0
nightmare,4.0
notbother,4.0
whos,4.0
notfix,4.0
advice,4.0
wouldfix,4.0
assistance,4.0
force,4.0
separate,4.0
edible,4.0
problems,4.0
tarzan,4.0
nothear,4.0
noavail,4.0
wouldredeem,4.0
sleepy,4.0
noflavoring,4.0
complicate,4.0
invite,4.0
pic,4.0
mini,4.0
truffle,4.0
wouldthe,4.0
misunderstand,4.0
burgersin,4.0
melt,4.0
story,4.0
hed,4.0
principals,4.0
slam,4.0
latei,4.0
didnt,4.0
audacity,4.0
comp,4.0
champaign,4.0
il,4.0
speakers,4.0
tmnt2,4.0
monsterandv,4.0
notpeople,4.0
notweekly,4.0
flick,4.0
align,4.0
fulfill,4.0
appreciative,4.0
virginal,4.0
mai,4.0
diligently,4.0
production,4.0
flavorless,4.0
accompany,4.0
storebought,4.0
spice,4.0
miniscule,4.0
container,4.0
onion,4.0
unimpressed,4.0
bake,4.0
cookies,4.0
twotime,4.0
losers,4.0
oreos,4.0
length,4.0
notfrom,4.0
milwaukee,4.0
subject,4.0
windows,4.0
wouldnotjust,4.0
abandonme,4.0
nothanging,4.0
sidewalks,4.0
scrap,4.0
debris,4.0
landscape,4.0
overgrownbut,4.0
sketchiness,4.0
patrol,4.0
storage,4.0
cube,4.0
vans,4.0
rvs,4.0
boatsyep,4.0
carefully,4.0
safest,4.0
quarter,4.0
vehicle,4.0
cheaply,4.0
firstrun,4.0
convenience,4.0
1st,4.0
fox,4.0
eglinton,4.0
ownership,4.0
opportunity,4.0
neighbourhood,4.0
notdeserve,4.0
neglect,4.0
renovate,3.9945205479452053
mind,3.9945205479452053
america,3.9945205479452053
manner,3.9726027397260273
shock,3.956164383561644
cringe,3.764383561643836
wheneverthe,3.764383561643836
canada,3.764383561643836
lecture,3.764383561643836
nostalgic,3.764383561643836
vibe,3.764383561643836
shouldve,3.764383561643836
heck,3.7534246575342474
neverordered,3.720547945205479
wouldthink,3.646575342465754
country,3.6136986301369864
style,3.6
cuz,3.578082191780822
nevergoing,3.578082191780822
dear,3.578082191780822
shouldnot,3.578082191780822
nonsmoking,3.578082191780822
shouldtell,3.578082191780822
lug,3.578082191780822
shouldremove,3.578082191780822
doesnt,3.578082191780822
tuck,3.578082191780822
sheet,3.578082191780822
lucy,3.578082191780822
ricky,3.578082191780822
fight,3.578082191780822
reach,3.578082191780822
shouldschedule,3.578082191780822
sportbook,3.578082191780822
dogtired,3.578082191780822
booze,3.578082191780822
slot,3.578082191780822
lastly,3.578082191780822
hubby,3.578082191780822
heman,3.578082191780822
starvinmarvin,3.578082191780822
emergency,3.578082191780822
surgery,3.578082191780822
crabmeat,3.578082191780822
crabshell,3.578082191780822
forgive,3.578082191780822
humongous,3.578082191780822
count,3.578082191780822
wouldnottake,3.578082191780822
notcharge,3.578082191780822
notpiece,3.578082191780822
cake,3.578082191780822
deli,3.578082191780822
philly,3.578082191780822
sammy,3.578082191780822
crispy,3.578082191780822
burn,3.578082191780822
nothaving,3.5479452054794525
plug,3.528767123287671
cotton,3.528767123287671
crush,3.528767123287671
indifference,3.528767123287671
acceptably,3.528767123287671
lead,3.4849315068493154
bleed,3.471232876712329
49,3.471232876712329
pleasa,3.4684931506849312
primary,3.4684931506849312
resort,3.4684931506849312
nevereat,3.4684931506849312
morning,3.389041095890411
secondly,3.33972602739726
sum,3.3342465753424655
fewer,3.3342465753424655
duplicate,3.3342465753424655
neverreceived,3.3342465753424655
reply,3.3342465753424655
obnoxious,3.323287671232877
twothirds,3.315068493150685
nonfunctional,3.315068493150685
functional,3.315068493150685
lock,3.315068493150685
notstick,3.315068493150685
galleria,3.315068493150685
suffice,3.315068493150685
odds,3.315068493150685
tonights,3.2986301369863016
solid,3.2986301369863016
fryer,3.2986301369863016
unbelievable,3.2986301369863016
notunderstand,3.2986301369863016
extensive,3.2986301369863016
nosauce,3.2986301369863016
nellis,3.213698630136986
afb,3.213698630136986
earn,3.213698630136986
weekly,3.213698630136986
frequently,3.213698630136986
despite,3.213698630136986
nottalk,3.213698630136986
message,3.213698630136986
tack,3.213698630136986
enforce,3.213698630136986
shampoo,3.213698630136986
seatsgalaxy,3.213698630136986
palm,3.2
nevergo,3.2
fantastic,3.2
instincts,3.2
calm,3.2
gilbert,3.2
germann,3.2
upper,3.2
unluckily,3.2
joe,3.2
girlfriend,3.2
yuk,3.2
hunger,3.2
kiss,3.2
pda,3.2
ufff,3.2
b,3.2
c,3.2
notdeal,3.2
notuntil,3.2
dim,3.2
cardboard,3.2
dump,3.2
scratch,3.2
kinds,3.2
shouldconsider,3.2
chilis,3.2
applebees,3.2
spit,3.2
kernals,3.2
magically,3.2
theatrical,3.2
design,3.2
lunch,3.2
14,3.2
upset,3.2
item,3.2
assign,3.2
earlier,3.2
independence,3.2
blvd,3.2
740,3.2
bossy,3.2
demand,3.2
moths,3.2
neverunderstood,3.2
foodgas,3.2
togetherits,3.2
galore,3.2
notdoor,3.2
pillow,3.2
cum,3.2
refrigerator,3.2
pot,3.2
overs,3.2
notone,3.2
noteverything,3.2
budget,3.2
disappointme,3.2
gloriously,3.2
heap,3.2
rhymeswithcarkins,3.2
byob,3.2
bucket,3.2
clue,3.2
notexactly,3.2
judgement,3.2
dinnershow,3.2
finale,3.2
analogy,3.2
actors,3.2
perform,3.2
mingle,3.2
script,3.2
tax,3.2
gratuity,3.2
inclusive,3.2
deally,3.2
675,3.2
sleemans,3.2
keiths,3.2
wouldreally,3.2
depend,3.2
alright,3.2
decor,3.2
1110pm,3.2
sisters,3.2
sport,3.2
mid,3.2
buddies,3.2
notalready,3.2
grime,3.2
carry,3.2
specialty,3.2
iffy,3.2
notbuild,3.2
notexperience,3.2
addition,3.2
ocotillo,3.2
classic,3.2
theme,3.2
swag,3.2
contest,3.2
hoot,3.2
holler,3.2
shade,3.2
grey,3.2
importantly,3.2
sensory,3.2
brighter,3.2
jar,3.2
strict,3.2
lateness,3.2
notwhich,3.2
fellow,3.2
moviegoers,3.2
highenergy,3.2
disneyland,3.2
engross,3.2
intense,3.2
edge,3.2
sexy,3.2
hugh,3.2
jackman,3.2
notsacrifice,3.2
greater,3.2
potty,3.2
mood,3.2
killer,3.2
aisles,3.2
notconstantly,3.2
obstruct,3.2
bothersome,3.2
desks,3.2
norecliners,3.2
nevertouch,3.2
nottech,3.2
savvy,3.2
memorial,3.2
comped,3.2
1647,3.2
shower,3.2
lamp,3.2
literlayit,3.2
goop,3.2
dresser,3.2
coronado,3.2
café,3.2
alice,3.2
jus,3.2
jordan,3.2
pit,3.2
boss,3.2
wouldnothurt,3.2
hi,3.2
snobbish,3.2
harsh,3.2
semiclosed,3.2
notenough,3.2
tvs,3.2
mise,3.2
en,3.2
offsuit,3.2
team,3.2
havent,3.2
weigh,3.2
httpwwwurbandictionarycomdefinephptermtakeonefortheteam,3.2
noworries,3.2
sur,3.2
httpwwwyelpcombizbigsuroysterbarlasvegashridtcssvi14uormwex233slqw,3.2
expectations,3.2
diego,3.2
fly,3.2
airport,3.2
5am,3.2
24,3.2
nostranger,3.2
mass,3.2
630am,3.2
9am,3.2
advantage,3.2
graveyard,3.2
avail,3.2
plead,3.2
redeye,3.2
deaf,3.2
consumption,3.2
luggage,3.2
bell,3.2
windy,3.2
shield,3.2
clerk,3.2
chipper,3.2
tower,3.2
beggers,3.2
choosers,3.2
wouldresult,3.2
casinoonce,3.2
nominal,3.2
logistically,3.2
wouldnotwork,3.2
opt,3.2
television,3.2
project,3.2
casinowas,3.2
render,3.2
centrally,3.2
nottoday,3.2
vega,3.2
courtney,3.1945205479452055
chinese,3.1945205479452055
consortium,3.1945205479452055
canadian,3.1945205479452055
operations,3.1945205479452055
propertys,3.1945205479452055
establishments,3.1945205479452055
complex,3.1945205479452055
reduce,3.1945205479452055
exte,3.1945205479452055
notover,3.1945205479452055
tonguelashing,3.1945205479452055
tech,3.1945205479452055
cannotmatch,3.1945205479452055
marcus,3.1945205479452055
whine,3.1945205479452055
flea,3.1945205479452055
hotcakes,3.1945205479452055
notfresh,3.161643835616438
notday,3.161643835616438
sort,3.1369863013698627
leak,3.1369863013698627
deficits,3.1369863013698627
occasionally,3.1369863013698627
notoilet,3.1123287671232873
discolor,3.1013698630136988
twitchy,3.1013698630136988
weirdest,3.1013698630136988
zero,3.1013698630136988
possibility,3.1013698630136988
elderly,3.1013698630136988
disregard,3.1013698630136988
vacuum,3.1013698630136988
notshowcase,3.1013698630136988
mainstream,3.1013698630136988
turnaround,3.1013698630136988
cater,3.09041095890411
technology,3.09041095890411
additional,3.09041095890411
adults,3.09041095890411
common,3.0383561643835613
climb,3.0383561643835613
notmean,3.0383561643835613
possibly,3.0383561643835613
note,2.9452054794520546
interview,2.9232876712328766
unorganized,2.9205479452054792
rightwell,2.9205479452054792
chaos,2.9205479452054792
notbrought,2.9205479452054792
notitems,2.873972602739726
bulky,2.873972602739726
notnearly,2.8
greatest,2.8
cranberry,2.7561643835616443
gate,2.7205479452054795
owe,2.7205479452054795
notvalidated,2.7205479452054795
shove,2.7205479452054795
inbecause,2.7205479452054795
nohelpful,2.7205479452054795
condescend,2.7205479452054795
iti,2.7205479452054795
thatbut,2.7205479452054795
wouldi,2.7205479452054795
differently,2.7205479452054795
hardly,2.6876712328767125
rave,2.684931506849315
silver,2.6657534246575345
furthermore,2.6657534246575345
yogurt,2.6657534246575345
nada,2.6657534246575345
starbucks,2.6657534246575345
loblaws,2.6657534246575345
drivein,2.6465753424657534
childhood,2.6465753424657534
abysmal,2.5726027397260274
oldest,2.5726027397260274
rottenest,2.5726027397260274
sht,2.5726027397260274
yay,2.5726027397260274
desirable,2.5561643835616445
not3d,2.5561643835616445
notshocked,2.5561643835616445
notmaintained,2.5561643835616445
properly,2.5561643835616445
nochance,2.463013698630137
eerily,2.463013698630137
bustle,2.463013698630137
nostude,2.463013698630137
notdiscount,2.463013698630137
nocollectible,2.463013698630137
joy,2.463013698630137
punch,2.463013698630137
brenden,2.4000000000000004
journal,2.4000000000000004
marlofs,2.4000000000000004
neverhappened,2.4000000000000004
acres,2.4000000000000004
gotta,2.4000000000000004
lazy,2.4000000000000004
skyfall,2.4000000000000004
2450,2.4000000000000004
waterfro,2.4000000000000004
nothas,2.4000000000000004
vist,2.4000000000000004
buttttttttt,2.4000000000000004
4pm,2.4000000000000004
worklol,2.4000000000000004
wouldcome,2.4000000000000004
wild,2.4000000000000004
wing,2.4000000000000004
485,2.4000000000000004
5buck,2.4000000000000004
6pm,2.4000000000000004
reveiw,2.4000000000000004
cheer,2.4000000000000004
chase,2.4000000000000004
direct,2.4000000000000004
notexplored,2.4000000000000004
epicenter,2.4000000000000004
rough,2.4000000000000004
9pm,2.4000000000000004
riffraf,2.4000000000000004
cop,2.4000000000000004
2010s,2.4000000000000004
era,2.4000000000000004
cherry,2.4000000000000004
1130,2.4000000000000004
generation,2.4000000000000004
projectionist,2.4000000000000004
novideo,2.4000000000000004
trailers,2.4000000000000004
reel,2.4000000000000004
neverstarted,2.4000000000000004
wouldmove,2.4000000000000004
gentleman,2.4000000000000004
nowarm,2.4000000000000004
servicealmost,2.4000000000000004
robotic,2.4000000000000004
11514,2.4000000000000004
wed,2.4000000000000004
slice,2.4000000000000004
notshare,2.4000000000000004
defeat,2.4000000000000004
mislead,2.4000000000000004
illinois,2.4000000000000004
notprice,2.4000000000000004
shouldprobably,2.4000000000000004
shopper,2.4000000000000004
chore,2.4000000000000004
yesterday,2.4000000000000004
mother,2.4000000000000004
hair,2.4000000000000004
beautiful,2.4000000000000004
mentor,2.4000000000000004
ohio,2.4000000000000004
mummy,2.4000000000000004
dearest,2.4000000000000004
gasp,2.4000000000000004
gap,2.4000000000000004
neverfear,2.4000000000000004
goths,2.4000000000000004
topic,2.4000000000000004
lake,2.4000000000000004
skank,2.4000000000000004
seal,2.4000000000000004
hollister,2.4000000000000004
victorias,2.4000000000000004
secret,2.4000000000000004
pink,2.4000000000000004
hooha,2.4000000000000004
palace,2.4000000000000004
aka,2.4000000000000004
00,2.4000000000000004
fashionable,2.4000000000000004
grandma,2.4000000000000004
departme,2.4000000000000004
jc,2.4000000000000004
penney,2.4000000000000004
sear,2.4000000000000004
cue,2.4000000000000004
violin,2.4000000000000004
mock,2.4000000000000004
store,2.4000000000000004
wind,2.4000000000000004
lane,2.4000000000000004
brya,2.4000000000000004
tubby,2.4000000000000004
notfitting,2.4000000000000004
abercrombie,2.4000000000000004
stressfree,2.4000000000000004
simon,2.4000000000000004
malls,2.4000000000000004
disagree,2.4000000000000004
representation,2.4000000000000004
wisconsin,2.4000000000000004
government,2.4000000000000004
brusquely,2.4000000000000004
richlydressed,2.4000000000000004
undersized,2.4000000000000004
precook,2.4000000000000004
brat,2.4000000000000004
nokraut,2.4000000000000004
sacrelige,2.4000000000000004
onions,2.4000000000000004
itd,2.4000000000000004
hilariously,2.4000000000000004
basketthing,2.4000000000000004
fixture,2.4000000000000004
pseudobrat,2.4000000000000004
notfun,2.4000000000000004
unwieldy,2.4000000000000004
clank,2.4000000000000004
idiot,2.4000000000000004
christ,2.4000000000000004
postage,2.4000000000000004
stamp,2.4000000000000004
nothesitate,2.4000000000000004
legroom,2.4000000000000004
airplane,2.4000000000000004
economy,2.4000000000000004
goin,2.4000000000000004
burbank,2.4000000000000004
notchanged,2.4000000000000004
straw,2.4000000000000004
wrappers,2.4000000000000004
scatter,2.4000000000000004
send,2.4000000000000004
broom,2.4000000000000004
dustpan,2.4000000000000004
nope,2.4000000000000004
notroll,2.4000000000000004
10min,2.4000000000000004
india,2.4000000000000004
1980s,2.4000000000000004
hindi,2.4000000000000004
tamil,2.4000000000000004
cheaper,2.4000000000000004
notclean,2.4000000000000004
washrooms,2.4000000000000004
samosas,2.4000000000000004
millshakes,2.4000000000000004
struggle,2.4000000000000004
checkout,2.4000000000000004
drape,2.4000000000000004
abound,2.4000000000000004
hotelcasinostable,2.4000000000000004
poolside,2.4000000000000004
scent,2.4000000000000004
sunblock,2.4000000000000004
waft,2.4000000000000004
manure,2.4000000000000004
southern,2.4000000000000004
salmon,2.4000000000000004
filet,2.4000000000000004
mignon,2.4000000000000004
100,2.4000000000000004
comprise,2.4000000000000004
casinowith,2.3726027397260276
notopen,2.3726027397260276
particularly,2.3726027397260276
casinobenches,2.3726027397260276
notbites,2.3726027397260276
healthy,2.3726027397260276
fruit,2.3726027397260276
nottotally,2.3726027397260276
cedar,2.3643835616438356
lee,2.3643835616438356
dislike,2.3643835616438356
nooutside,2.3643835616438356
leftover,2.3643835616438356
wouldnotlet,2.3643835616438356
noplans,2.3643835616438356
leftovers,2.3643835616438356
label,2.3643835616438356
exclude,2.3643835616438356
woah,2.356164383561644
fence,2.356164383561644
protect,2.356164383561644
welcome,2.3123287671232875
nottimes,2.3123287671232875
hu,2.3123287671232875
notsomeone,2.3123287671232875
nodelivery,2.3123287671232875
delivery,2.3123287671232875
noother,2.29041095890411
garagedo,2.29041095890411
notforget,2.29041095890411
slight,2.29041095890411
ideal,2.29041095890411
2pm,2.29041095890411
notunusual,2.29041095890411
camp,2.29041095890411
yelpers,2.29041095890411
unfortunate,2.29041095890411
mark,2.29041095890411
severely,2.29041095890411
pal,2.29041095890411
haters,2.29041095890411
east,2.29041095890411
coast,2.29041095890411
metro,2.29041095890411
nottravel,2.29041095890411
wouldnotknow,2.29041095890411
wouldaccept,2.29041095890411
mediocrity,2.29041095890411
handson,2.29041095890411
dinosaurs,2.29041095890411
outer,2.29041095890411
scenic,2.29041095890411
beautymountains,2.29041095890411
geology,2.29041095890411
notrocks,2.29041095890411
magnify,2.29041095890411
wordy,2.29041095890411
wouldshow,2.29041095890411
commentary,2.29041095890411
circa,2.29041095890411
1990s,2.29041095890411
reference,2.29041095890411
pregnancy,2.29041095890411
body,2.29041095890411
notouch,2.29041095890411
integration,2.29041095890411
smithsonian,2.29041095890411
successful,2.29041095890411
thered,2.29041095890411
recruit,2.29041095890411
planetarium,2.29041095890411
indoors,2.29041095890411
escape,2.29041095890411
hamburgers,2.284931506849315
foods,2.284931506849315
alltime,2.2383561643835614
pumpkins,2.2383561643835614
16,2.2383561643835614
inherit,2.2383561643835614
carolina,2.2383561643835614
matter,2.2383561643835614
unfamiliar,2.2383561643835614
unassuming,2.2383561643835614
decisions,2.2383561643835614
bypass,2.2383561643835614
1520,2.2383561643835614
prepare,2.2383561643835614
smoothly,2.2383561643835614
unreasonable,2.2383561643835614
57,2.2383561643835614
63,2.2383561643835614
200lbs,2.2383561643835614
knees,2.2383561643835614
chin,2.2383561643835614
fabric,2.2383561643835614
pattern,2.2383561643835614
incline,2.2383561643835614
clap,2.2383561643835614
hopeful,2.2383561643835614
wouldcease,2.2383561643835614
intensify,2.2383561643835614
closelate,2.2383561643835614
30s40s,2.2383561643835614
younger,2.2383561643835614
millennials,2.2383561643835614
gen,2.2383561643835614
zs,2.2383561643835614
attendance,2.2383561643835614
billy,2.2383561643835614
corgan,2.2383561643835614
electric,2.2383561643835614
versions,2.2383561643835614
mtv,2.2383561643835614
unplug,2.2383561643835614
andor,2.2383561643835614
inconsiderate,2.2383561643835614
downright,2.2383561643835614
notcheering,2.2383561643835614
earsplitting,2.2383561643835614
conversations,2.2383561643835614
performers,2.2383561643835614
interruptions,2.2383561643835614
distractions,2.2383561643835614
facebook,2.2383561643835614
selfies,2.2383561643835614
announceme,2.2383561643835614
courtesies,2.2383561643835614
intermission,2.2383561643835614
intoxicate,2.2383561643835614
175,2.2383561643835614
applaud,2.2383561643835614
officer,2.2383561643835614
noemployees,2.2383561643835614
performer,2.2383561643835614
disrespectful,2.2383561643835614
conduct,2.2383561643835614
artist,2.2383561643835614
taint,2.2383561643835614
manners,2.2383561643835614
absence,2.2383561643835614
farther,2.178082191780822
ambie,2.1232876712328768
notlight,2.1232876712328768
release,2.1232876712328768
insane,2.12054794520548
1700,2.12054794520548
currency,2.12054794520548
neverpaid,2.12054794520548
wouldcost,2.12054794520548
consumer,2.12054794520548
competitive,2.12054794520548
eclipse,2.115068493150685
vibes,2.115068493150685
season,2.1095890410958904
spacious,2.084931506849315
bump,2.084931506849315
michelle,2.0136986301369864
partwe,2.0136986301369864
nonew,2.0136986301369864
refillwhen,2.0136986301369864
overrate,2.0136986301369864
partial,2.0000000000000004
tiered,2.0
stadiumstyle,2.0
notpurchase,2.0
grubby,2.0
notsay,2.0
busier,2.0
buns,1.8575342465753426
longest,1.789041095890411
supervisor,1.789041095890411
notcalling,1.789041095890411
nottheir,1.789041095890411
goal,1.789041095890411
survey,1.789041095890411
feedback,1.789041095890411
notwanna,1.789041095890411
boo,1.7013698630136986
smh,1.7013698630136986
wouldneverlook,1.663013698630137
notsmile,1.663013698630137
noteither,1.663013698630137
menus,1.6328767123287675
silverware,1.6328767123287675
nothaywire,1.6328767123287675
pee,1.6328767123287675
notforce,1.6328767123287675
harkinsid,1.6328767123287675
clothe,1.6
normally,1.6
ancie,1.6
notales,1.6
breweries,1.6
notline,1.6
altogether,1.6
kernels,1.6
neverdimmed,1.6
nutshell,1.6
notharkins,1.6
hubs,1.6
fit,1.6
regardless,1.6
sucker,1.6
horrific,1.6
crime,1.6
humanity,1.6
notscoop,1.6
prebagged,1.6
neverrealized,1.6
snob,1.6
helmet,1.6
gear,1.6
brisk,1.6
uncleaned,1.6
unwise,1.6
truth,1.6
dare,1.6
brood,1.6
scary,1.6
amok,1.6
rail,1.6
jungle,1.6
gym,1.6
notremoved,1.6
wouldeject,1.6
notcontrol,1.6
heartbeat,1.6
gal,1.6
unfriendly,1.6
whiney,1.6
thereyoull,1.6
significant,1.6
heres,1.6
519,1.6
oz,1.6
restaurant,1.6
ab,1.6
workout,1.6
pepperoni,1.6
shrimp,1.6
699,1.6
aftertaste,1.6
waiter,1.6
blah,1.6
waiters,1.6
paucity,1.6
demise,1.6
beloved,1.6
dan,1.6
almighty,1.6
incredibly,1.6
d6,1.6
wouldnotrecline,1.6
christmas,1.6
handicappedaccessible,1.6
plush,1.6
butt,1.6
notshow,1.6
conditioner,1.6
freaki,1.6
nothot,1.6
shitload,1.6
freak,1.6
ew,1.6
noon,1.6
cocos,1.6
399,1.6
egg,1.6
baconsausage,1.6
hash,1.6
toast,1.6
pancakes,1.6
wicked,1.6
rout,1.6
nosidewalk,1.6
rundown,1.6
wouldstay,1.6
july,1.6
4thprebday,1.6
retrieve,1.6
print,1.6
guide,1.6
knowingly,1.6
information,1.6
mixup,1.6
suddenly,1.6
nowhere,1.6
abrasive,1.6
callous,1.6
8pm,1.6
resolution,1.6
frontlines,1.6
notwanting,1.6
male,1.6
stubborn,1.6
wouldnotmove,1.6
notcall,1.6
notmoving,1.6
notrather,1.6
managements,1.6
staffto,1.6
beforewere,1.6
men,1.6
females,1.6
utilize,1.6
lobbywhatever,1.6
wasto,1.6
respect,1.6
nofood,1.6
inexperienced,1.6
youth,1.6
entitle,1.6
indifferent,1.6
rumor,1.6
millennial,1.6
evide,1.6
curre,1.6
slack,1.6
noorganization,1.6
establishme,1.6
notsome,1.6
cycle,1.6
collectors,1.6
resolve,1.6
vigilante,1.6
mobile,1.6
upscale,1.6
perk,1.6
infestation,1.6
22,1.6
goto,1.6
tacos,1.6
notthem,1.6
exactly,1.6
stringy,1.6
tidbits,1.6
lord,1.6
onsite,1.6
expense,1.6
inflate,1.6
snafu,1.6
trend,1.6
unimpressive,1.6
unremarkable,1.6
difficult,1.6
cell,1.6
notimmediately,1.6
summerlin,1.6
regal,1.6
ticketsfood,1.6
fooddrinks,1.6
disruptive,1.6
unfair,1.6
premier,1.6
wouldit,1.6
anytime,1.6
notare,1.6
easiest,1.6
mechanical,1.6
notpopcorn,1.6
wouldmake,1.6
wouldnotmind,1.6
wouldmean,1.6
epic,1.6
theyd,1.6
collect,1.6
bargain,1.6
qualify,1.6
sinior,1.6
ouch,1.6
sneak,1.6
black,1.6
panther,1.6
ignorant,1.6
wouldalmost,1.6
southside,1.6
balcony,1.6
stage,1.6
wreck,1.6
beat,1.6
excellent,1.6
unhappy,1.6
exception,1.6
mexican,1.6
charm,1.6
karaokepianobar,1.6
t,1.6
clip,1.6
vaguely,1.6
tie,1.6
dude,1.6
format,1.6
notcharming,1.6
desperately,1.6
originality,1.6
bear,1.6
1970,1.6
admit,1.6
belong,1.6
notmany,1.3780821917808221
downhill,1.3780821917808221
mccandless,1.3780821917808221
cross,1.3780821917808221
haaaate,1.3780821917808221
nottend,1.3780821917808221
publicize,1.3780821917808221
dome,1.3232876712328767
scenes,1.3232876712328767
ondemand,1.3232876712328767
supplant,1.3232876712328767
effective,1.3232876712328767
disorganization,1.3232876712328767
aesthetical,1.3232876712328767
logan,1.3095890410958904
reclinable,1.3095890410958904
825,1.3095890410958904
squeaky,1.3095890410958904
west,1.3095890410958904
satisfy,1.284931506849315
notloud,1.284931506849315
delay,1.284931506849315
rate,1.284931506849315
kickass,1.284931506849315
sams,1.0876712328767122
notamou,1.0876712328767122
ocean,1.0876712328767122
decently,1.0876712328767122
notremember,1.0876712328767122
nonissue,1.0876712328767122
situations,1.0876712328767122
mez,1.0849315068493153
curtain,1.0849315068493153
bin,1.0849315068493153
mousse,1.0849315068493153
dessert,1.0849315068493153
refine,1.0849315068493153
akin,1.0849315068493153
tgifridays,1.0849315068493153
swivel,1.0849315068493153
holder,1.0849315068493153
poison,1.0849315068493153
wifey,1.0575342465753426
25mins,1.0575342465753426
startingall,1.0575342465753426
skiit,1.0575342465753426
kill,1.0575342465753426
2stars,1.0575342465753426
tatiana,1.0575342465753426
pleasant,1.0575342465753426
suggestions,1.0575342465753426
enthusiastic,1.0575342465753426
leap,0.810958904109589
notproperly,0.810958904109589
abby,0.810958904109589
wouldexpect,0.810958904109589
avebut,0.8
present,0.8
upstairs,0.8
report,0.8
notchance,0.8
abnormally,0.8
keeners,0.8
halfdece,0.8
notseats,0.8
term,0.8
dispenser,0.8
january,0.8
30th,0.8
910,0.8
lion,0.8
cinnamon,0.8
notsized,0.8
miniature,0.8
collapse,0.8
operation,0.8
highly,0.8
rightfully,0.8
nocomp,0.8
credit,0.8
notplan,0.8
slide,0.8
noroom,0.8
wiggle,0.8
overweight,0.8
rainbow,0.8
notmost,0.8
booths,0.8
uninteresting,0.8
42,0.8
shouldkeep,0.8
attractions,0.8
ripoff,0.8
notuse,0.8
lids,0.8
loyal,0.8
notwaste,0.8
road,0.8
motorcycle,0.8
representativemy,0.8
viewers,0.8
notfathom,0.8
logic,0.8
prize,0.8
art,0.8
notavailable,0.8
minimal,0.8
mandarin,0.8
clutter,0.8
taker,0.8
destroy,0.8
nomonkey,0.8
naughty,0.8
darn,0.8
wouldgo,0.8
pleasethose,0.8
1620,0.8
adult,0.8
roughly,0.8
minus,0.8
inconvenie,0.8
notparking,0.8
awhile,0.8
notworry,0.8
cram,0.8
guarantee,0.8
agree,0.8
patiently,0.8
butterseasonings,0.8
notinterested,0.8
argue,0.8
batch,0.8
handfuls,0.8
sick,0.8
rheaters,0.8
abut,0.8
wouldcheck,0.8
entertainment,0.8
movieviewing,0.8
frills,0.8
hoopla,0.8
desolation,0.8
smaug,0.8
notopening,0.8
uhwhat,0.8
pressure,0.8
emphatically,0.8
norefunds,0.8
noway,0.8
nohow,0.8
entirety,0.8
deliberately,0.8
undersell,0.8
noshows,0.8
unlikely,0.8
fishy,0.8
noseats,0.8
notcoming,0.8
duck,0.8
distraction,0.8
focus,0.8
gandalf,0.8
nasties,0.8
redirect,0.8
confusedly,0.8
thai,0.8
chili,0.8
whaaaaa,0.8
ordersbills,0.8
clintele,0.8
aim,0.8
efforts,0.8
notunnoticed,0.8
shouldnotgo,0.8
pickup,0.8
kiosks,0.8
apologize,0.8
sir,0.8
nopeanuts,0.8
mms,0.8
lie,0.8
fortunately,0.8
finer,0.8
horrendous,0.8
floorssmelled,0.8
truck,0.8
notours,0.8
communication,0.8
rubbery,0.8
route,0.8
56,0.8
theyve,0.8
amend,0.8
pri,0.8
notnow,0.8
mondaythursday,0.8
5pmanytime,0.8
5pm,0.8
monthurs,0.8
fridaysunday,0.8
balance,0.8
mondayfriday,0.8
85,0.8
boat,0.8
load,0.8
mealsdrinks,0.8
etci,0.8
notif,0.8
uncomplicated,0.8
gather,0.8
fuss,0.8
wtv,0.8
blue,0.8
200,0.8
guzzo,0.8
lmfao,0.8
xxx,0.8
notnumb,0.8
fkn,0.8
retard,0.8
tripple,0.8
compensate,0.8
luxurious,0.8
nosound,0.8
neverfeel,0.8
notreserve,0.8
rotate,0.8
vibrate,0.8
fake,0.8
disapointing,0.8
wouldgladly,0.8
montreal,0.8
arcade,0.8
shouldopen,0.8
knock,0.8
wouldlove,0.8
bum,0.8
usual,0.8
dead,0.8
throne,0.8
hook,0.8
wouldhelp,0.8
binge,0.8
rewatch,0.8
organize,0.8
wouldlook,0.8
artistrythemes,0.8
vikings,0.8
fk,0.8
rick,0.8
morty,0.8
variations,0.8
improve,0.8
dangerous,0.8
measure,0.8
110,0.8
beware,0.8
captain,0.8
civil,0.8
unupdated,0.8
950,0.8
emagine,0.8
recentmodern,0.8
videoaudiophile,0.8
notcut,0.8
neon,0.8
relatively,0.8
pimplefaced,0.8
incompete,0.8
buddys,0.8
apartment,0.8
woulddrive,0.8
bang,0.8
lovers,0.8
final,0.8
johny,0.8
drama,0.8
vinny,0.8
aqua,0.8
stuffy,0.8
dumbest,0.8
exterior,0.8
stare,0.8
fairest,0.8
rub,0.8
forehead,0.8
uhhhh,0.8
notmortons,0.8
steakhouse,0.8
boil,0.8
eventual,0.8
expand,0.8
taxi,0.8
smokey,0.8
environme,0.8
ya,0.8
notventilation,0.8
roughlooking,0.8
tattoo,0.8
attractive,0.8
casinoand,0.8
pocket,0.8
convention,0.8
signal,0.8
respond,0.8
indulge,0.8
michaels,0.8
dont,0.8
cafes,0.8
mountains,0.8
toothpaste,0.8
suuuure,0.8
garden,0.8
flock,0.8
ravenous,0.8
solely,0.8
noactual,0.8
