"","id","price","location","facility","environment","food.drink","service","promotion"
"1","OEQrPxeku4BfHMCSi8UASQ",0,0,0.00499212395962155,0.01072628117571,0.0118967983810906,-0.000555045192478708,0.00940594022450337
"2","zRV7bzP_CfTg-_R9U-VsVg",0.000109910666766713,0.00510143339559824,0.0698055172737157,0.0620714426415336,0.102530686769121,0.027666624079953,0
"3","pDA8NJUwGl1IoLDeaVfo0Q",0.00496007111562601,0.00286955628502401,0.00454052078165895,0.00249319552121359,0.00221213295852044,0.00606849410443388,0
"4","jobP3ywRd3QNZ_GCoPG2DQ",0.211992666334647,0.0669474543615963,0.248321123885845,0.136896867121442,0.147257461002796,0.143072722447712,0.0742567627590459
"5","A0dDYy7DWik6BzDX6LnOtg",0.0399828232586165,0.0134894910211258,0.180876644763432,0.225368795972335,0.236290815931913,0.113760829216675,0.017808580158393
"6","7sxqtPS736gtgDqs5updkg",0,0.00223187711057423,0.00771100458514044,0,0.00294951061136059,0,0
"7","pi1DHl64UzYXkVuSwvsUwg",0.148944877915589,0.00814148029323556,0.132191346417822,0.0743983219023519,0.0856270864299777,0.0593541621278726,0.109917518862269
"8","A0FLFsqkGK59l2WPhi93mg",0.00785344593307452,0.00924634802952182,0.0059551969373233,0.00880066373111846,0.020001368833289,0,0.0257722762151392
"9","xk-wr22nYDo72CMun8EqHg",0,0,0.00323716701923349,0.0067252758167768,0,0,0
"10","6V7xWC3xpzFX4CMQjmDVsA",0,0.00276327642261571,0.00115180099935274,0.00373502921394546,0,0.00333027115487225,0
"11","dwogRZ8Vdu7Pd4qSN0UwXg",0.0371765859338987,0.050001547956426,0.0921607739333878,0.105939153922567,0.0760414208780127,0.192181632840343,0.64223899129076
"12","cPPYaBM07eTlkknpvVpW1Q",0,0,0.0154765681649871,0.00664005193590304,0,0.00692696400213428,0
"13","VkOyrR6CDfhZ7hh4yOvhiw",0.0511832920477653,0.0525913162413787,0.142148302508225,0.100163461743257,0.208550112933985,0.134730212327837,0.0240792069747286
"14","NHKRAAJm2KbWdMox3pSGtA",0.00930013334179877,0,0.00177592283273407,0.00266787800996104,0,0.00333027115487225,0
"15","o90H4ryS1MmRaXKtExgP1w",0.0559166602978117,0.027718093881561,0.0281274626175309,0.0275519066992752,0.0173863816094448,0.00215454447334394,0.0321683155678015
"16","7KmKmTZ685CsTIdiPMlrNA",0,0,-0.00237836802848802,0,0,0,0
"17","6DoaCYNBhdm_yIb0ekCSXQ",0,0,0,0.00769238159538767,0,0,0
"18","oDjhb1ohaO5cGfHuDUXfJw",0.00992014223125202,0,0.00400099294512004,0,0,0,0
"19","wOcjxydfqz99U5rFa2f2ng",0,0.00191303752334934,0.00218235978824729,0.00853720963187534,0.0150010266249667,0,0.0039893130602973
"20","f4mh1Y0rnvbJRfQ3jPkqzQ",0.0146942106800421,0.0120248072896244,0.0655622079247397,0.0471821377962729,0.0376835250578332,0.0467749799063533,0
"21","7K9EGbodeoDoOzQvkNPoAw",-0.00992014223125202,0,0.0360078474897037,0.0511553375206681,0.0298621490077652,0.0184233615347838,0.106326659345959
"22","nOidqR9yk6clKeXbuT_gZg",0.0391630337270061,0.0100080203767813,0.061200740968585,0.0501580123671855,0.0817067109179229,0.0316045375669722,0.0120396034873643
"23","NW366Ota9w52nYofW99u1g",0.0221333332123867,0.00248147375713917,0.0243075447169084,0.0294840711509677,-0.00229772143608225,0.00906697157757997,0.022036774240265
"24","WgD4husYU3KNF1nOlg2MEg",0,0,-0.000242484420916366,0,0,0,0
"25","IZI9PtYy-zqi6cHYiQOxKw",0.00372005333671951,0,0.0123942605145661,0.0365411648846887,0.00960895253857317,0.0243189967500143,0.0119559951298132
"26","f6pn3jyK0lCrD6aLWK_VEw",0,0.00380330079046833,0.009142830477717,0.00747005842789092,-0.0090328762472918,0.00458837359115732,0.0072142068515556
"27","ZJKvmjBinGXEagy7l1na7Q",0.0208042506644397,0.0384759671883636,0.0598582964560041,0.0525307737802002,0.0885890494807997,-0.00159482985305549,0
"28","4RoTEeqB_MNn6yaqZmlZHg",0.0549003109494439,0.0393907115368501,0.144094454021944,0.0774374660085122,0.119456213675485,0.129485876236477,0.0682453218511189
"29","AKPLL7N4yTidQF7xY8kneg",0.0716487111345891,0.0131589652498958,0.164223378769248,0.153657654141158,0.216221029114662,0.0892117677027517,0.0272682686127507
"30","pJQSdbrtQQVstMUUIICSsA",0.00891213571534331,0.0190436681956737,0.0893969335295874,0.072834181287774,0.161213426618339,0.127201483492311,0.122134708672718
"31","_qcW80PENfEiV6_Q4L48EQ",0,0,0.00569309219765514,0.000462432188393248,0.0157614473294581,0.00815748237430829,0.0086534650065431
"32","q_q2ADTYBygQXQMOPrKTvg",0.00289337481744851,0,0.012798125665615,0.00919528620766573,-0.00580684901611616,0,0
"33","5hqGQR3YJni73ky8vMXG5w",0.000826678519271002,0,0.0148241918094832,0.00629545102628307,0.000944178567295771,0.00330912657611116,-0.00601980174368216
"34","n9e07UjPBtISh97tJywluw",0.00889712756365416,0.00916663813271559,0.011471052692969,0.0129874457385922,-0.00460861033025092,0.00878821554757955,0
"35","8WBHKj2davW6hhZWlUQ7DA",0.0280278462971173,0.0129041466274074,0.121743740321144,0.196653208279136,0.0635756972091984,0.0999511403699699,0.0427883685844582
"36","cUowzBUrVnWdg1WC52GBpw",0.014880213346878,0,0.0077510815614894,0.00355717067994806,0.0176279345132098,0.00375580580243926,0
"37","O7EIj8Mee0mSMwmUpZ115Q",0.00227336592799526,0,0.0102570910047623,0.0341224393127123,0.00753460762360003,0.0242020035246449,0
"38","YPookhICD9PmjWAwxEZx0A",0,0,-0.00290981305099639,0.00451167814573412,0,0,0.011287128269404
"39","ZUyWD8Rs_JY_yzw-t6VTBg",0.0522868627645253,0.0601551229244716,0.0827309619660821,0.10995819677849,0.112766410312608,0.101904447188449,0
"40","Y-krKDi4Yne5BTL9CbrI6A",-0.000930013334179877,0,0.00293342641484277,0,0.00653270514313068,0.00981319900302356,0
"41","AUoIpxBmIodtP30KXyk9xA",0,0,2.01908840410686e-19,0,0,0,0
"42","0OcfA96P0I33j8Te1wYOew",0.00682009778398577,0.00119564845209334,0.0251154682323774,0.0207339933420609,0.0178254463845062,0.0300464464195141,0
"43","S97QaAoCbsX_I_2BO9eYBQ",0,0.0063767917444978,0.0267961162068716,0.00387879819559336,0.0124317263658519,0.000384831333451904,0
"44","mOJ651DtGav9CZxuk43QfA",0,0,0.0108120841118966,-0.000913257375054847,0,-0.0106568676955912,0.0271940553371958
"45","ba9eVHrqHXZR66FqInlYNQ",0,0,0.00900028559099487,0.017465072829495,0.0216121878725291,0.00876971404116359,0
"46","D96gPj6zUPLJDfnWh9Jiaw",-0.00615580254528585,0.00246376044673779,-0.0122508517989635,0.0158502655562436,0.0293197395127275,0.00599448807877005,0.00150495043592054
"47","GIPY7lBIIY8ITSfu63q-YQ",0.00495318212796542,0.0832466544496987,0.0729505936672944,0.0240557266749437,0.0687348718806882,0.0654595631334167,0.0409680952000591
"48","psWFACt7KyMbo5mYx4qMCA",0,0,0.00581962610199278,0.0011433762899833,0,0.0105680604647946,0
"49","JSjMfBQ654qyfVdE1CY76w",0.0191612271073886,0.0118502046585251,0.047565642206361,0.018034227196165,-0.0163243561626531,0.0403764541684234,0.0120396034873643
"50","kPorLswaS8h4xy-notLk9Q",0.123634765901436,0.0173236175725524,0.405030506014357,0.49201678774791,0.124263222215956,0.0928233808268906,0.454808182950831
"51","Rayj4BleJwlSP2mSR4yliw",0.019840284462504,0,0.018305553075678,0.0108734623207194,0.011129793947556,0,0.0210693061028875
"52","Kn72wEO-qb5ecyFoFpTNNQ",0,0,0.00278792132869647,0.00572408048581642,0,0,0
"53","QPHU1AE3Fpxjhfiinv2LZg",0.0213283057971918,0.00459660404915883,0.0348230762804291,0.0369466440572609,0.0222416596314005,0.0412303427407255,-0.000695469519629946
"54","SJ2-dfgQt5cOky4jWNZEPA",0.0523871724639111,0.000921092140871905,0.0473113959859144,0.0709855981561795,0.055885696693341,0.096948454271324,-0.00234103401143195
"55","313RSoX1dXUYcgAwP14Ztg",0.00316893432387217,0.0136873279944399,0.0270313932404628,0.0221730305716762,0.00554020798986593,0.0150139724565491,-0.0100330029061369
"56","wMIHcDnQXGTIVwBnIDRwGw",0.0390900842683859,0.0128060524614724,0.0617688731653262,0.0397261587745072,0.0564337502397312,0.0274081316045986,0.0338602989853868
"57","c163MT4vFQD5PEIfoHZLxA",-0.000292289905027961,0.00733331050617247,0.0136195416414692,0.0105381181393461,0.0160379639492732,0.00710457846372747,0.0135445539232849
"58","TpoM6HVMIsbDiu9-vDn_Qw",0,0,-0.00331625000650962,-0.00960436083585976,-0.00663639887556133,0.00432935250133392,-0.0120396034873643
"59","eV0CIF_AuIMRQfU15BrbBw",0,0.00106279862408297,0.00377366380051095,0,0.00161762222591807,0.00249770336615419,0.00136813675992776
"60","0YoNwscylhufDwEAaWG0bQ",0.00670790569922756,0.00706096835875121,0.041793303309455,0.00683364419170602,0.0487383585475686,0.0210218227343973,0.011287128269404
"61","FhoPNLVCEnzGzwjxD5FU9A",0.00496007111562601,0.00900674387543168,0.0205411487789539,0.00293626559671268,0.0101052011152055,0.0103608435929359,0.0011287128269404
"62","F8FHXQBpMu1erLSTwUxYeQ",0.0425222763350022,0.0440314939484659,0.14015185609659,0.132095828530832,0.285690214292834,0.136620729892522,0.0205676559575807
"63","74poODb0oW_Z5wjskXXSMg",0,0,0.00651676881212734,0.0058693316219143,0.0122496862578069,0,0
"64","Bv-9BaqF6S_BaxNjWUlk8g",0,-0.000797098968062225,-0.000637387620694448,0.00426860481593767,-0.00829549859445166,0,0
"65","BxKe9Xt_fN6qBzrTofHuEQ",0.186062271277451,0.238882468965997,0.460853138816516,0.30171586112894,0.563043415104394,0.265599313486037,0.151919013361661
"66","4SxJGlf9KCEoP2XWU2jmlQ",0.00372005333671951,0.00503500848159306,0.00140530743940167,0.0123354421462949,0.00521061005463995,0.0234222463545152,0.00902970261552324
"67","CFqQ_6fZpeG8InnWJdf3qg",0,0,0.0225142454741901,0.00168372745517541,0,0.00413508668396638,0
"68","msCDKq6t6PhdBOtpGqG2KQ",0,0.00510143339559824,0.00472844620786914,0.00693436546239874,0.00317994112787314,0.00432935250133392,0
"69","VOh-vGJlUJnaAb3tgPreQg",0.0434533868427154,0.049665688291531,0.0958922208856762,0.0754142174558905,0.0787169243441405,0.0475401597750868,0.0152913713935498
"70","afqhAX425oLAbdpIP2hE8g",-0.00614842148707808,0.00983571817560419,0.0299112775658693,0.0464619620337654,0.0774838173314811,0.0731746913088708,0.0291876776211033
"71","E6U8zl527AsspbTf5nZCdw",0.0282620718775774,0.00212559724816593,0.0107147718931955,0.0300877802483319,0.0222431285725039,0.00501884197376859,0.0155929586832878
"72","Xk3nvgipbBPuEoUEXmzQ2Q",-0.000775011111816564,-0.00324958730818095,0.00848125783527909,0.00982668400335651,0.0160379639492732,0.000888072307965933,0
"73","0QzCeORfF8EY34UODWRV9A",0.281085593987957,0.257659597113518,0.301021643943033,0.362930617188534,0.420528840978763,0.382101047378702,0.349914413408989
"74","7JVhdvxRacgRaVIsK2sMPQ",0.0200202331704868,0.0354135466927074,0.0669268017916547,0.0632064178106118,0.0844957281708345,-0.00355228923186373,0.064336631135603
"75","OJ0sMriii6H1NKt-7FI5sQ",0.0111601600101585,0,0.0098906013706324,0.0151179753897792,0.00331819943778066,0.0034059591356648,0
"76","pAB2p0SieP4R_sGMZAGawQ",0.00790142281142507,-0.00397663818511044,0.0260453526858023,-0.000560868738319463,0.0146083730248294,0.0180736223707498,0.011287128269404
"77","aLnnIPzhKT7CBMACh95CQg",0.00239548889106938,0,0.00770494247461753,0.00340154446270033,0,0.00749311009846256,0.0143910885434902
"78","JtbsoCIQUZkMnXEOmX_x0A",0.00421950494211241,0,0.00557190709675187,-0.00358323777725879,0.000829549859445166,-0.00194265817367548,-0.000634229112280799
"79","LWyjZPk6b0c_je_oUxrqzA",0,0,0,0,0,0,0
"80","D-G3CCmsdOQNfLE9OktTOg",0,0,0,0,0,0,0
"81","sTNSwe2aQiJ-49uKB-00qg",0,0,0,-0.00249001947596364,-0.00663639887556133,-0.000986747008851037,0
"82","Nr9OfcwHu4FQjrQ6kYF-Xg",0,0,0.00349009569132964,0.00224101752836728,0,0,0
"83","tKi4OvAlckcVzeP92InsOQ",0.0712784362490081,0.021495102172078,0.548727651628174,0.41702018263234,0.236056347814519,0.205761725175379,0.73058371324125
"84","-UCODDgYpTjlGtz_5AVw_g",0,0,0.00832058347661075,0.00626951332340845,0,0,0.0376237608980135
"85","eTHuGwFkLDRI8m2oHVn77w",0.0103748154168511,0,0.00857788638991645,-0.0104047242388481,0,0.00888072307965933,0
"86","glRCYqTUjDRzasqEuyfM7g",0.00735743882151192,0,0.0136405906363404,0.00868838938577313,0.0268297931392774,0.00601915675399133,0
"87","Hq8T6St2eNH-rCLj0RmiKQ",0.00205230323467234,-0.00101231568943903,0.063775728806292,0.0271309334506493,0.0980280146243832,0.0157706840689617,0.0210453184669711
"88","4QuwxfbDBgbFpE9sS8hdSg",0.00676473984742744,0.0031883958722489,0.0101648384541496,0.00693648282589871,0.0173178408752743,0.00658653628408067,0
"89","nDmiX5v02FN0Gfam5RZ4vQ",0.0156810581624218,0.007570668865551,0.0439514804721858,0.0307224218609452,0.00573003884394531,0.00734897455324111,0.0100330029061369
"90","CTiWs36A_sX3eahdqrYxUQ",0.0250639528495516,0.00546012793122624,0.0846631126516149,0.0912498966076708,0.00689931065668918,0.0512200989764042,0.0214410646927132
"91","xX4B41sO7yS_fyzq8zGy1g",0,0.00488887367078165,0.00408182108542549,0.00394098131183563,0.00558168548283819,0.00177614461593187,0.00716356407498176
"92","YVGu7g8JMr756J-ZzsHv0w",0.00485673630071714,-0.000478259380837335,0.0143480258753957,0.00213430240796883,0.00207387464861291,0,0
"93","LeO9_8e5LrhlWGfLgZL_vw",0,0,0.0065458373373627,0.00584808740813127,0,0.00710457846372747,0
"94","VfX7rhtX03yNg56ISz8gVQ",0.0312866450046691,0.0284184760661042,0.0694585641747466,0.066541947462421,0.0723575005980954,0.0473118172671211,0.0421386122057751
"95","c5v5UY_J2RgUM7u0fn6rMw",0.0349470470893061,0.0122797524357586,0.109367149772588,0.161296848310517,0.182324099301458,0.0876586221898844,0.00905757206804029
"96","Z4nYEVUBpA_f5YwOv7zFRQ",0.00752621901919641,0.0044283276003457,0.0306895691733116,0.0240729408401985,0.0439760181441586,0.0550185463460117,0.012165016023691
"97","GAOeyq-7gt9QByhdcAK3cQ",0.0603432262894953,0.0165893203413678,0.0608528694242563,0.00424633720979633,0.00997670083227279,0.0217513240505053,-0.0150495043592054
"98","KS0Uon59PBcVJgzfsYRPdg",0.0448638840897559,0.0159012617516206,0.0850971936764235,0.0910124543269051,0.0215689547184786,0.0169103768641846,0.0815013469328547
"99","c9o0sBdEvER2nBeZ6HS9pw",-0.00372005333671951,0.00271013649141157,-0.00215974507098702,0.00509316775885472,-0.00663639887556133,0.00333027115487225,0.0120396034873643
"100","tOhzbIoz_UHhzuXiGOEYgQ",0.0113815917563918,0.0208202250457853,0.0567038096483051,0.0183440267770993,0.0803399773983682,0.0636886274815502,0.0209381929967278
"101","bCh7vrbbxSKx0mtZnOvQoQ",0.0252112943962164,0.0286370322449181,0.227222705940741,0.221015815465291,0.346432830546093,0.0933407342058656,0.0542608468101477
"102","UQbUE9pewUFD9YcpYDD7sw",0.00868012445234552,0.00346168694701309,0.0107504024653623,0.00697274748802546,0.0243597974598977,0.0119560845905784,0
"103","uVOHHPTWWNHWLCXxsAxt_w",0.0324663226327271,0.000956518761674671,0.0382610758601823,0.0457976323949373,0.0472250884269855,0.0161333135947145,0.0174323425494129
"104","854doo30wTt5ZTwLYLQ_jw",0,0.0031883958722489,-0.00140467760973695,0.00411176592686723,0,0.00397165671062542,0
"105","HUMdEqtlPF70AqyZmiyAhA",0.00558008000507926,0,0.0328128741124287,0.0438156831781459,0.0836307234341896,0.0168033324342066,0.02784158306453
"106","RP79t7P6PZYoILkMkhkt6A",0.017049237952027,0.00608452212287499,0.0198745675327424,0.0506930964907847,0.00202108986226802,0.0240869649643731,0
"107","73dPwH6vfycfRjuM9PGnbg",0.0340698314337163,-0.000715272675727526,0.0659729778334205,0.0438757544356826,0.0819950411417248,0.0325608011414426,0.0297227711094306
"108","fmJCw0zM3_jbW7WKUobnZA",0.00496007111562601,0,-0.00061429386632146,0.00539504219792122,0,0.0121443888114341,-0.00300990087184108
"109","yj7zSAJENDzBuQLVdkjCGA",0.00142085370499703,0,0.00155882842017664,0.0024722336225639,0,0.00599448807877005,0
"110","87XfNqtYs1ld2w2J88pm4w",0.00930013334179877,0.00127535834889956,0.0143195494634962,0.0135124893281175,0.00685761217141337,0.0230158739814504,0
"111","Q3G58vv1ClvH4re9QBsVgQ",0.084868391414112,0.0596033111309199,0.271845080221987,0.193076622867956,0.209124413312041,0.241965363558544,0.0507920772123182
"112","7L4rvkYcKSOA3HeiN6rLJA",-0.000775011111816564,0,0.00548724099441015,0.00862613889887404,-0.00656726972060756,0.0151712352610847,0
"113","0rRLSX5rotp1_wiShc0jNw",0.00257923698012553,0.00553319533663195,0.0272047881829311,0.0416657060877489,0.0105767607079259,0.00355228923186373,0.00205220513989164
"114","y0MOho-MrJeGnEsRrwBchw",0.00289337481744851,0,0.00127304320981092,0.0046433781554322,0.0236421709941872,0.0184721022361173,0
"115","PjcQ87drS7dpx6VvncHibg",0,0.00334781566586135,0.0101840088945694,0,0,0.00555045192478708,0
"116","6KL0lRKtgTof-NoFuiXwdA",0.00620008889453251,0,0.0266814825216603,0.0308688018565606,0.0264559836347126,0.0202776510318888,0.0150495043592054
"117","Dyn5YDHXOmQSItz4JstHrA",0.0201690770553959,0.00753827881224562,0.0910878239423824,0.0778154569724728,0.0982621664057405,0.0439083917432296,0.0397175530521156
"118","E5on52Nv5go0nGGyeTEO4g",0,0.00510143339559824,0.0107068727451794,0.00563811552771767,0,0,0
"119","xJzJpTYC_1k_EE0AWTOPXw",0.0820324904365747,0.0266810763673192,0.114966695608079,0.0890311002610284,0.207061799937479,0.106355690329589,0.0884053870656378
"120","lqCJiHlxzRpuYt-u_XQUvg",0.0483711498764813,0.0285961152647009,0.175784264495911,0.125894506961307,0.131205501374417,0.0636562829747415,0.0366204606073998
"121","ikTlMObBu3aI4xNmE9X4mA",0.026974431362002,0.0155168599116113,0.061855292634822,0.0429083713268735,0.0789616250933541,0.0502130884129071,0.021331532315207
"122","4bOD6-ohZoIoy1rAJuzqzA",0.0075371193065995,0.0101427680594775,0.0418757112631304,0.0341002132747246,0.0267264455513889,0.0338330880659799,0
"123","Y6F9a6Rv_4nhDIZ2VfQFrg",0.0115707313729661,0.0135277356685833,0.0620633390568775,0.0588984598691513,0.063986439604882,0.0258170020528263,0
"124","BQeIEeMj5_K5Az1DbSHSsw",0.00208548444634275,0.00552655284523143,0.0119827718002838,0.0231734848254116,0.0157614473294581,0.00954677731063378,0.0150495043592054
"125","MK8hA4-rSqfDWAxY-xEI3Q",0.00326365790420531,-0.00446375422114846,0.00115180099935274,-0.00326073978995239,-0.00138258309907528,-0.00221469884208788,0
"126","oKY9y_nzVguDkgpC1ggKsg",0.00630342370944139,0.00222871401943113,0.0794646421798611,0.0959962307462225,0.0175252518534536,0.0399077493392191,0
"127","qLySo0vYpVdlItF2Gpo3-Q",0,0,0.00167314250432293,-0.00901818992452831,0,0.000577247000177857,0
"128","vxj6ZajMfxFeFicT6wsxzQ",0.0112841617880492,0,0,0,0,0,0
"129","nvBhlpH8TWbCl70_30gqxg",0.0198889994466754,0.00754587023098907,0.084274307769982,0.0775832116719065,0.144996993192383,0.0990447630506634,0.0406943524793984
"130","MM8n7SPaIuMlDGbUM5SZhA",0.240115878140494,0.0574266328363303,0.513553368657123,0.504834646815854,0.711593326870279,0.553659779715394,0.0551009026874952
"131","zz-f4Xrs1OGOhybeQaYgFQ",-0.00175669185345088,-0.00127535834889956,0.00821156171117494,0.00128858507881118,-0.00414774929722583,0,0
"132","whF3fiWey-GJLzmX3yoC5w",0.0407852673034387,0.000272140859803063,0.0801631982930021,0.0280920739471572,0.123698625126527,0.0462887955587066,-0.000355335519592349
"133","SwUwlW4dkad_X-BIMmKCZw",0.00997180963870646,0,0.00976587635208776,0.0131245835227334,0.029863794940026,0.0124330123115231,0
"134","9ShqhOli-3YKHczCsQpxWQ",0.00888679408216327,0,0.00621366328598188,0,-0.00829549859445166,0.00350295188142118,0
"135","03jZx8QkMxNhaRLeo6_U0Q",0.00496007111562601,0,0.0158274007835034,0.0136951071178,0.00760574324835744,0.0124075727402011,0
"136","uH8o7gBowYmbToJqHsbpxg",0.0213784969930047,0.0097777473415633,0.0479269976821315,0.0536805198277068,0.0765200491776776,0.107334639321533,0.02784158306453
"137","cFrc6PlIiapEv8ny3HNiyw",0,-0.00106279862408297,0.00796184737056566,0.000742559379439156,0,0.0139501358376315,0.00752475217960269
"138","F5TvnRmiR3VWC6l03SefcQ",0,0.00194610236943192,0.0101843456784874,0.00426860481593767,0.000980377106617014,0,-0.00752475217960269
"139","KDprDu0ToX8AnhQWVE9ZeA",0.00595208533875121,0.00277086784135916,0.00303841639566096,0.00257894874296234,0.00461437109316373,0.00210917173141909,0
"140","nCAqeub9ERwzSoQwGzr1QQ",0.0236021637957343,0.0620105040058694,0.106004393661204,0.0701477726043739,0.135637481259463,0.0896557891729995,0.0316947452531841
"141","yI1nnVCfa8s7ukuqo7Rc3g",0.00173085814972366,0.00837042483017344,0.01294137911071,0.0288844517732849,0.0222200855208527,0.00342894585575735,0.0392123196914851
"142","AatZaURSUFM48EdnVpRuwQ",0.0210803022414105,-0.00125543087469801,0.00502254516980913,0.0230400909249136,0.0230217368284772,0,0
"143","1wiv2BvvauMj8hS16UuEYw",0.0390569664294375,0.0291431690023634,0.116839091901177,0.1401505554433,0.0393344891686916,0.073151167964999,0.0969215950185344
"144","iO3GuIiZxzv-iETGVnoeVA",0.0223203200203171,0,0.00190956481471638,0.0727536685406876,-0.00262690788824302,0.00479189016173285,0.0120396034873643
"145","y4sPaw0tUsAG4AxRKlF0bg",0,0,0.00150671001542124,0.00145520618725148,0,0.00432935250133392,0.0109108906604239
"146","luqlU26AShb-VF1qEt4k6Q",0,0.00510143339559824,0.00042434773660364,0,0.00414774929722583,0,0
"147","Ko3uPphyP_RiQ-TSTh8UnQ",0,0,0.00350736394539744,0.00322368592870293,0.00228126211347421,0,0
"148","xfeEbejpBwnp97JJazxuZA",0.00427117234956684,0.00199274742015556,0.0332918281596681,0.0257224940484844,0.0144710364369879,0.00712924713894874,0
"149","yV3ak7F2t3n8SO7QsvLgEA",0.0656579975123224,0.00534056308601691,0.0511614096652051,0.0526539410594221,0.0466752722367742,0.0307310021569045,0.0154257419681855
"150","NVr6i46TZ8miaE2EVN4gfA",-0.00183419296463254,-0.00478259380837335,0.0104230412803269,0.00241624860674881,0,0,0
"151","BthUkBZlHSM-mFuZO7IGoQ",0.00868012445234552,0.000826325930224507,0.00372544246680599,0.00747005842789092,0,0.00888072307965933,0
"152","-4EuiTKCwZczrp-X1LjFcw",0.00294504222490294,0,0.000886696095374329,-0.0140970624549532,-0.00317885481258101,-0.00762262064337426,0
"153","nJUsNx-LKAZ0FHGm9mnmaw",0.0666371571379639,0.0318311638557732,0.281270014772447,0.246440082400515,0.425781302594151,0.170533362422125,0.072196576821388
"154","HZi427Fb9-lpVdwZKTk7yA",0,0,0.000466566006316762,0.0188530046037247,0.0347620893481784,0,0
"155","_O99A2e4VFOCStWgHxx12Q",0.0118318363070662,0,0.0158407278042561,0.00949219938601417,-0.000259234331076614,0.00858469897700402,0
"156","8nmjvYX4N67cxOsGfbEgjg",0.226388723268974,0.055607395343061,0.193018305107675,0.2443997120641,0.284263941150087,0.102157018848963,0.000659908822100074
"157","6F3teRN41NiGDp74A1lKPw",0.00266825254211131,-0.000797098968062225,0.016851368230004,0.0128445180881229,0.00134801852159839,0.00314525609071268,0
"158","NdUuGRxEH0waBQbL6R7mmg",0.191102707418748,0.053308188689161,0.0955402589151373,0.107522180804491,0.247534550787142,0.171476684075065,0.0718838236535961
"159","K1ekU1q26tNrImHrt3rr2A",0.0493911711149171,0.0385928261528769,0.154567765331913,0.157804051686818,0.283306411739551,0.140509047987651,0.0413234307196515
"160","VGOpZ15XmabMYuxW1J8zqQ",0.00403005778144613,0,0,0,0,0,0
"161","iXbjlUTqxlurMNAy58lYnQ",0.0868217772853786,0.0160558506423963,0.0530107631701146,0.0322709488393788,0.113125455587382,0.0417430987756821,-0.0221442706999736
"162","AMBBqVaT2PP9VODc5hXIyQ",0.0266825254211131,-0.000777775356715262,0.0255287636830341,0.0316852989277934,0.00762560416430447,0.0131360695553294,-0.00809987633609085
"163","wYZoSBvIbJWvDl-ruZwJ7Q",-0.00241803466886768,0.0103793672769817,0.068235702137359,0.075229872219814,0.0863552575500291,0.000888072307965933,0.0526481827499535
"164","JEEYFXLbKy-KpbTT-BHb6A",0.00199288571609974,0.0189019425422132,0.0751958622858134,0.0307927115118754,0.0137912664132759,0.024930779895502,0
"165","xjRr3wvKig1rWIalTyZYPw",0.00786230320292385,-0.00142592148731131,0.0621758621722602,0.0342060573887742,0.0261678789867584,0.0268641873159695,0.00451485130776162
"166","EM3CDQGI7Yv51Spno06JGw",0.00207555356802684,0.00499958186079029,0.0135063822450416,-0.000699576900389785,-0.00253605242744665,0,0.00225742565388081
"167","omScOGJlpuxa3JZtPc8CNg",0.0220490661311813,0.00255071669779912,0.0586629741591293,0.0632349444715841,0.060094707589314,0.0429370626563918,0.0294970285440426
"168","qbwSx-tC4jGDx5Xv6IbOmg",0,0,0.000727453262749098,-0.00960436083585976,0.0015208414089828,-0.00888072307965933,0.0120396034873643
"169","Kl-Xp6vdDNl8Jx1b15BwAg",0,-0.00382607504669868,0.0174588783059784,-0.00106715120398442,0,0.00954677731063378,0
"170","wxYpbaR3zQuMhgSbUym_xw",0.0250179444877092,0.0209511195083618,0.174175027472632,0.106060863165426,0.171089610984966,0.12312558694514,0.00902970261552323
"171","lTm8J2c1Sp4szFPdQ04QqQ",-0.00372005333671951,0.00357100337691877,0.0122904960773038,0.00642789211320614,0.00201462108722397,0.000888072307965933,0
"172","jeNnKFuf2WoehJlJSidKuw",0.00229919963172247,0.0125048886109602,0.014325590567948,0.0509558582539983,-0.0021528793971315,0.0239502000554563,0.00864844850509003
"173","w4SY_FlZnIfAb8UjDABPsQ",0.0443580573454915,0.0537614786137683,0.119787821859921,0.143820865770823,0.175045553810632,0.0683750481349255,0.139791688575
"174","4bOUHefNIMkOd5VqfpDgrQ",0.0225786570575892,0.00206762641412505,0.031446689152382,0.00243217310514449,0.0543563642689619,0.010614930947715,0.0165544547951259
"175","UQjrBbIUVNSP-vyGgqociw",0.00620008889453251,0.0032946757346572,0.00252486903279166,0.0145314127662003,0,-0.00155412653894038,0
"176","6A9paRG2PVEfgGMXBrYdZA",0.00303428592868788,0.0108425387130664,0.0228343622126483,0.0172553255179374,0.0137306661800372,0.0112687389434903,0.0237029693657485
"177","uFoygm7v4t0hXe8VeWq-Rg",-0.000878345926725439,0.00401130566403886,0.011539262341073,0.00363238520609469,0.00474028491111523,0,0.00902970261552324
"178","Jr7YyKRsV9OkJaBTpXYnEA",0.0127052615283198,0,0.00615135826116309,0.000237144711996537,0.00517481102796746,-0.00138144581239145,0
"179","5bTBJLKjlvdrjV_VryVl_A",0,0,0.00207271366041816,0.00751452306139027,0.00315228946589163,0,0
"180","dt-Q31GwfUDHxZwwPhIH4A",0.00620008889453251,0.00828982926784714,0.0378571971867488,0.0489719578390094,0.000553033239630111,0.0209529560160712,0
"181","v015pusDxymYrTi_l48t2w",0.207665648451344,0.115667205211829,0.279361651276442,0.230032853772394,0.19534802999048,0.120008339411976,0.501023978429044
"182","kvFSP0DS0d5RumAGAQt0rg",0.0188026306961274,0.011975463067792,0.0529752595688173,0.0772149073755918,0.0845809125920318,0.0728460522528568,0.155170813842531
"183","2yC8986TR6Nxs5KVpGrKug",0.00620008889453251,0.000797098968062225,0.0212476973827966,0.0155528818526729,-0.000691291549537638,0.00570771472932272,0.00677227696164243
"184","sR0GYpPKs9CzixSLei03Vw",0.0210525002554946,0.0146056979599038,0.0647695229286901,0.0549791520184264,0.0918430401035517,0.0452353608978407,0.0240792069747286
"185","zyfPzBC4s17UWh6x8olj7w",0.00620008889453251,0,0.00181863315687274,0.00539638961105756,0.00355521368333642,0,0
"186","6t0lSl779B9mkBspmW0syQ",0,0.00223187711057423,0.000780726355223148,-0.00266787800996104,0.00373297436750325,0,0
"187","rPqXbho0dwETvjUxW88Ttw",0.0796756627751895,0.00245961967287772,0.157310131518393,0.131874279942567,0.188811891169467,0.106720095633818,0.0754983468686804
"188","31r67s66Gb7esxR8mF0g6Q",0.00332147619349956,0,0.0129656419863981,-0.00462432188393248,0.0165909971889033,0,0
"189","qLTPXsxCxMkaJGt8opZYpQ",0.00689759889516742,0.00229260846052183,0.046300041124477,0.0154602247426636,0.00750435382109192,0.0130743978672762,0
"190","rZrbLOKfbCawyE13x4AW5w",0.00113668296399763,0,0.00798466557446034,0.0150496904169052,0,0,0
"191","CXOHUsfW35aMNYK_H7CQ1g",0,0,0.00193436435776465,5.92387918709979e-19,-0.00829549859445166,0.000246686752212759,0
"192","ls9yHpiI4Je3gm9W4BejLw",0.00734275754525769,0.00297583614743231,0.0418570309089184,0.0216280715855477,0.0314604156674598,0.0157024928024572,0.0154067400687421
"193","uYwcgcabJkHogIMzA9lLUg",0.00256860825630633,0.00898808796386965,0.00856020523422463,0.00595270280972558,0.024886495783355,0.00210917173141909,0.00752475217960269
"194","9pg2QPvwLomBLo9R-J2_Yw",0.0317496218807519,0.0178944922620598,0.0374120264202042,0.0478274398343812,0.104902258193141,0.0480977495126827,0.0075247521796027
"195","i0Ew2edMMWHyYEAOC5hwHA",0,0,0.00659557624892516,0,0.00290342450805808,0.00333027115487225,0
"196","hGL0I-qv771etyNBxmOF2w",0.00705260111753074,0.00848113302018208,0.0815939068343533,0.0680529435197347,0.0536323735318429,0.0173790816933889,0.0279669956008567
"197","XS0wB4JnbOj_E1-4kzoLIg",0,0.00316182590664683,0.009275029100051,0.00273457496021007,0,0.00482889317456476,0
"198","KtteGdR2cQExYC66RA366Q",-0.00278774367331943,0.00382394944945052,0.0203682714705316,0.0201863304287906,0.00692081597022824,0.0293603048387166,0.0231027807990421
"199","uXKbB-Fky-4WhETk1tTTbw",0.0137878167321271,0.0031883958722489,0.00614341978309738,-0.00414262168768951,0.00212917797257593,0.000222018076991484,0
"200","PvaZbCMrU09xK0t4I0qKXg",0.0020666962981775,0,0.000814159813258586,0.00137274450330723,0,0,0
"201","F2DJHnTwMgzgGcl1lX8Q0A",0.0340641372082555,0.02964600847692,0.0453929425399417,0.0481176039953696,0.02544617301975,0.0740454955441818,0.0210693061028875
"202","2fqHO2vFbcwVV27c_Irm8Q",0.0562578217549123,0.00602792004463784,0.265539752567266,0.279779185748545,0.293678648931554,0.218833563712097,0.0710718543933308
"203","gGKrs1WtnASPApnG6gacOA",0.0083036904837489,0.0230636158081205,0.0553556002044455,0.0282925504076606,0.0464679595870157,0.0444036153982967,-0.00376237608980135
"204","a6dxvmopYI-kRwvc7OCt0Q",0.0375859588066994,-0.000991945382477436,0.0364801195137449,0.0187559693634603,0.0488872187513084,0.0147086976006858,-0.00802640232490954
"205","S6zJV-41wHio080GHJf2AQ",0,0,0.00529676906939187,0.00244555484246429,0.0124985512156405,0.0156681328619704,0
"206","69mbd_po1JhbNk3heGKw4g",0.00885726984933216,0,0.00316543204471239,-0.010012627016172,-0.00753507788996026,0.00333027115487225,0.00300990087184108
"207","wtTWpv0xDJ5M57y22mdq0Q",0.0284191243938873,0.0187052557838602,0.114549152978974,0.0641464165242333,0.167678683090291,0.0806258886873876,-0.00351155101714792
"208","OZzmKNnARCJHL7gDq2PZfQ",-0.000904706848896071,0,0.0181106009570969,0.00379150010047488,0.00264665907537267,-0.000892829838187179,0
"209","tuIg103yDqCEcTk5J_h8ow",0.113654648152131,0.0067354862801258,0.432274676955824,0.334970866460604,0.790351595026792,0.191831518370206,0.0341122098808655
"210","PZX-V5XS4AVnXD6VWRYrxg",-0.0020666962981775,0,0.0140448078796672,0.00612445467490148,0,0.00477338865531689,0
"211","Uqehw5Ra9m_J8TD0XuV4GQ",0,0,0.00290637785503341,0.00296801428608166,0.004977299156671,0,-0.00314576445286168
"212","i-G2TEsd4jUKhmeDUjDS3Q",0,0,0.0242231832977911,0.000953968500531525,0.0128672400420606,0.000888072307965933,0
"213","lSHP_mfRVudddsjE0E-RBA",-0.00609675407962364,0,0.00163676984118547,0.00997955764805428,0,0.00510641577080412,0.0240792069747286
"214","f68ngcIqTyH4dKrWvA4AoQ",0,0,-0.000818384920592735,-0.0018008176567237,-0.00829549859445166,0,0
"215","NOfa1IqI0n9RYo0pD4ARWw",0.00621261432664268,0,0.0109278635341222,-0.00212464645823967,-0.00428600760713336,-0.00183852112327709,-0.000549534931904318
"216","6xSnalN9relmPa1xy5X7HA",0.00372005333671951,0.00616533622604389,0.0148773814629846,0.0172289867992484,0.0154849307096431,0.00710457846372747,0
"217","CYIQVaW41UoDDikFluJdKA",0.00862107598668331,0.00154864942366375,0.0141049762948248,0.00364019699415897,0.034855578300592,0.0137287344775206,0
"218","ZU3ZU_wGF2S4CKavMEtI_w",-0.00363738548479241,-0.00219202216217112,0.0510006801651995,0.0972928695974979,0.134531313613188,0.0541673448972604,0
"219","G7W2k1oyoWY8GkfWrgixRw",0.0205842951298479,0.00478259380837335,0.035232986359148,0.0179637119337377,0.010533966469145,0.0213692399104303,0.0194389431306403
"220","PTtBAaY1GgH929EjdlYLiA",0.138711220390812,0.0173842856606771,0.0791695797429127,0.0819187944600038,0.195266231445186,0.134020756980116,0.0318000587565876
"221","cqjqc8pd3SCxTDWiH49Q5Q",0.0698676207831737,0.00385264501230076,0.0751530284013412,0.0492161383584864,0.0874674287279174,0.0250497573076605,0.0255841574106492
"222","xnki9gbekoPntcxZhGx1nw",0.0128594436331045,0.00717389071256003,0.0421723003120515,0.0133149152526215,0.0689217674889025,0.019352575711091,-0.00300990087184108
"223","Bp_W6BTU3BvHcezlP-3-Pw",0.00310004444726626,-0.00031883958722489,0.00396388416856194,0.00539504219792122,0.00414774929722583,0.00710457846372747,0.00915511515184995
"224","6qHWqe2GMOI69LaKDA3eag",0,0.000869562510613337,0.00459493996001132,0.000251067981072091,0.00111989231025097,0.00185015064159569,-0.00471690483851021
"225","DcgCr11ve0QP29gKMad7OA",0.0405675260863093,0,0.109309002209572,0.102976973872639,0.0827267134280793,0.0305496873940281,0.012335218751563
"226","UL8m7MvkCsI51akGZgsXWQ",-0.00775011111816564,0,0.0169888362085086,0.0177777941849185,0.0151392849348743,0.000222018076991483,0
"227","YMgpZUaAV46AUHm2scJe5A",0.00580553778306226,0,0,0.019863429714669,0.00711506590304421,0,0.0105346530514438
"228","CpF9kzWFxz5d58LE0eOWFQ",0.0055490795606066,0,0.00260670752485093,0.0060471901559117,0.00622162394583874,0,0
"229","PVPSSklLTxmgYF27UVyOMg",0,0,0,0.00763013110848859,0,0,0
"230","kiTDgQU7qkk-u6tIY5goaA",0.000172224691514792,-0.000398549484031113,0.00499605936165166,0.00470705243355659,0.0190796467672388,0.00415544747985216,-0.00200660058122739
"231","JlnDcCfvrmo_cv8OOzhuoQ",0.00573647642732627,0.00191303752334934,0.0418728043052113,0.097533338723545,0.0464292390305803,0.0425843006007276,0.00689768949796914
"232","Xcj-n1DwX3KcOjvIwLo0jw",0.00579060074646385,0.000956518761674671,0.0294216612934183,0.0138515270255476,-0.00243124814291915,0.00241999703920717,0.0150495043592054
"233","m6PIHmB4lWKmZz4oMGV_uw",0.0143561582141259,0.00641514911302153,0.0116372521199015,0.0475408468247504,0.072530309377489,0.0448876148061381,0.0150495043592054
"234","5c19hhJGZ630iCxo5egLuA",0.0340500964225285,0.0113469856130313,0.105962261774379,0.0948791680857337,0.0564634233752526,0.0826485198227788,-0.00288448833551437
"235","3n2dVQx76FdJZpTHFLJzkQ",0.000177145396986643,0,0.0221671174787711,0.0164163426879603,0.00145171225402904,0.0260205186234018,0
"236","UYZ_LzFRuWTv__VsXUXhsg",0.0578602383083992,0.00342702010709298,0.0711154093381922,-0.0265929380392324,0.143130171902365,0.0292551986617917,0.0208140170919522
"237","vnoEUVLjmEdk6XMR26G0QQ",-0.00232503333544969,0.0202038018438172,0.00124417601684469,-0.00564900482571751,0.011666367864578,0.0199168716567777,0.00841062073165592
"238","RtXj1StQUbCMEmxRR10Bqg",0.0228042714034736,0.0249081028202164,0.0597973943113965,0.0984548414022886,0.0800078893671385,0.150262627429539,0.0371639149314822
"239","TDtggQc6j_HjmQXS5QjzeA",0.0265310614203034,0.0437421596754239,0.0947082518829251,0.125845958283035,0.0380811138896638,0.0741671036078981,0.24534632194597
"240","SrxXIG7y4KbY61Y2K_lflw",0.00248003555781301,-6.3767917444978e-05,0.00327353968237094,0.00303033214363757,0,0.0124330123115231,0
"241","xAO1MUoly2QakIas07KK8w",0.00311850454840005,0.00362680030468313,0.030078113933095,0.0477195254034781,0.0198781590469088,0.015974949510035,0.0149031897334909
"242","PNiH-BJRo2STl6bd5o_AvA",0.0526859934871108,0.0105740871677512,0.0419547240858415,0.0569498257208771,0.042887717900473,0.0197491807304439,0.172994854222076
"243","MgnC3c3IByQkOJ0vyBKfUA",0.0173584036401391,-0.00174703850015924,0.00571606504722642,0.047204360710744,0.0421092961560845,0.0297504223168588,0.0516699649666052
"244","B6YIrpQnwKPidH0Vlh9f9Q",0,0.00722703064376418,0.0118968919012092,0.00429613054143727,0.00806506807793911,0.00120524098938234,0.0300990087184108
"245","wyX3zpx--XuSFnQAa4rRRA",0.000620008889453251,0.00279870304341848,0.00305669895120625,-0.00173412070647468,0,-0.00177614461593187,0
"246","LjwVx0P37xXSNZaVUQkqxQ",0.0323527214368564,0.02385876027341,0.102121460368984,0.045971441810627,0.120184562330634,0.0310100358429896,0.0372614580152919
"247","dRDd9zMMH96jl_BlE2-jkA",0.0095130656876716,0.00334781566586135,0.0402805790674359,0.0679502177046578,0.0148002228891487,0.00377430730885522,0.0237029693657485
"248","9b5EGAPsZad0K1cjplg3Uw",0,0,0.00830003965761644,0.00580263467166527,0,0,0
"249","8aDGR0qv0bMMyZRX2ZZvIQ",0,0,0.0014549065254982,0.0117386632438286,0.00995459831334199,0,0
"250","X2frauzhGG3vOmXpcb5cFQ",0,0,0.0120972783323831,0.00240109020896494,0,0,0
"251","cfggUk66F01Av4YWZJXcnA",0.0930663674993716,0.0285050308921441,0.390240159986639,0.355834223054051,0.547161655267597,0.446334687825266,0.090082929039646
"252","2W-ieV0yKWD4Iw1T6BPJxw",0,0,0.00371809445405095,0.00689201819239936,0,-0.0013321084619489,0
"253","I-I5oKAxCAhz8zie2OBf3w",-0.000286157948978424,0,0.00500521042043291,0.00307996988114253,0.00414774929722583,0,0
"254","viVCn4xAqdoZjO5mcITrWQ",0,0,0.00303105526145457,0.00431306944943702,0,0.00710457846372747,0
"255","XJGMgs9Kh4kcgf8Oskiewg",0,0,0.00898469387022251,0,0,0,0
"256","TT4XW2WMG0PNyUIFBIINuA",0.0861080200099494,0.0398838801434335,0.226524304731019,0.20747356516692,0.0824010638074589,0.0731681930885798,0.0654295118093072
"257","kY80ba3PaaBU6GVZC51xlg",-0.000465006667089939,0.00191303752334934,0.00691567733492948,0.0100378910124784,0.0131185290092237,-0.00828867487434871,0.0037818485124691
"258","hpKRhs2zKCM2ZviG4TKGOQ",-0.00818411734078292,0.00629708184769158,0.0193995419697326,0.00231000844948093,-0.00113371814124173,0.00321186151381012,0
"259","ykRbHPWp2kQQG2ELkamGeg",-0.000775011111816564,0,-0.00236316682710103,0.0146436859657862,0.0089867901439893,0.00288623500088928,0
"260","q5ke8IjFoQITGy4HxVxjxw",0,-0.000592130661989082,0.00842647796280855,-0.00284117466807853,0,0.00624117483098281,0
"261","UlrCYfEfpupUVlP0x2JVSw",0.0180669852280857,0.0143876363735232,0.0716593745605928,0.0577349365446531,0.0866503841297714,0.0307905924254859,0.0256677657682003
"262","D2Q64qJxUNyVfr5lpfbA5Q",0,0.000396778152990975,0.00898659219576915,0.0196872239795555,0.00226240870757772,0.00148012051327656,0
"263","FDUBxhK7pHdp37zUAbqtOA",0.0012400177789065,0,0.0594334447611429,-0.0065400065105295,0,0.0379231544176675,0
"264","QtqVcoUrpWqD3iMw17aMqQ",0,0,0.00310380058772948,0.00546597387517019,0,0,0
"265","vA33sph_U2At0dDIFVoyMg",-0.0020666962981775,0,0,0.00231216094196624,-0.00276516619815055,0,-0.00501650145306846
"266","S8QuFxCxkoxQgNmbKDCJqw",0.00512540681948021,0.00569014791915277,0.0246360694466421,0.00229998898915528,0.00559840216939973,0.010188162866387,0.00827722739756297
"267","P76JDkYzSswHkC3FBnOxew",0,0.00398549484031113,0.0133669537030147,0.00266787800996104,0,0.00333027115487225,0.00250825072653423
"268","nQNjtPpAHw0A8FZj1hPajQ",0.0175875854974906,0.0135522007408065,0.0470951982644437,0.0590962081459171,0.0873698042103804,0.0398360980507355,0.00752475217960269
"269","IArnr62Nug-SgYEjSFn_DA",0,0.0519325080197553,0.0325565645632836,0.0482544494938579,0.0302785698697486,0.0530263388167257,0.0293465335004505
"270","ECPrc5dUG4Ya26sTKTl_cQ",0.00322216741034038,0,0.0159948786146958,0.0211913427753115,0.0202153400271935,0.0333510397260878,0.0406792663285188
"271","UVDZbVVAo-m-15lfKHj88w",0,0,0.00436471957649459,0.00554473979736903,0,0,0.0150495043592054
"272","nbSyA7zXxpCrwfZZKAXWFg",0.00248003555781301,0.00621737195088536,0,0.00377949384744481,-0.00100336030618606,0.00897939778054444,0
"273","RemaGokjnHrNVoOtW83oOA",0.00744010667343902,0.000797098968062225,0.0239900786526464,0.0269808466203416,0.032690104706279,0.0242271059348151,0.00983234284801419
"274","tGX2FQJnPlWSCbkzM-x7_w",0,0.00264636857396659,0.0248610170478314,0.038949860170134,0.0175127192549535,0,0.0210693061028875
"275","vHyHNIhS1fVRplpA-Z9afQ",0.00764677630325677,0.00095651876167467,0.0486858640274446,0.0535225365011969,0.056359114693214,0.034531211574742,0.02589374721461
"276","mnGV1Ln114T8EfO2QRW1eg",-0.0037237438658234,0.00454346411795468,0.0350594817968089,0.0473932311390045,0.00772501847285702,0.0149948542332526,-0.00150495043592054
"277","vDhifJNAtVFGjqJM5hFQkg",0.0703101562286088,0.0441930852643623,0.100332840950768,0.151881677966659,0.20952148087718,0.107446948538041,0.0783013170555824
"278","z1EHxFNZEy2IMayYxUHdKg",0,0,0.000827069134476744,0,0,0,0
"279","ImU8asw-7e_9sZoDc2lzXA",0.0788956582839588,0.0031883958722489,0.0377641290438096,0.0433950569517209,0.0439487221416656,0.0171352721142147,0.0323982385510671
"280","fZioXnBVf-KAsCFX-P2whg",0.0181020452545726,0.00839010500815835,0.0871744745860197,0.0452299692937965,0.117972743437206,0.102951015734712,0.0364323418029097
"281","Bn2EwVbG_z3KPVka6wOg6w",0.00222169852054082,-0.00234878495922336,0.0346141314763379,0.0286033576529073,0.110896990376828,0.0163780620938741,0.00902970261552323
"282","o9HFAyCFLK2j9yoaj65oQw",0,0,0,0,0,0,0
"283","PkFUmsDwz05H-PgQFvyl3Q",0.0191169407581419,0.00102028667911965,0.000727453262749099,0.0293374395580303,0,0,0.0240792069747286
"284","K2cDxVOMYKBv0wRPtT9ERg",0.0012400177789065,-0.00165796585356943,0.00545589947061823,0.00106715120398442,0,0.0194265817367548,0
"285","9dd-dLxZs8o0R27qDkKTUw",0,-0.000797098968062225,0.0102739841897049,0.0284278859650372,0.00382975518443852,0.0241444658728238,0
"286","jFOvaEZfWNzVLbARpAmWvg",0,0,0.000727453262749098,0.00106715120398442,0,0.00207216871858718,0
"287","1jt4SuIHAtXD9aPnPqZ3BQ",0.0136313382981222,0.00584539243245632,0.0525669058035737,0.050086939379602,0.0604122977005464,0.00943576827213804,0.00401320116245477
"288","SMDMyqFt6Ja9QiRSjRIwQA",0.0159342284589486,0.00063767917444978,0.00883855714240154,0.0292837146673451,-0.0072585612701452,0.017613434107991,0
"289","Pko2oPDpBw56iLKvGCg-fA",0.00930013334179877,0,0,0.00266787800996104,0.0132727977511227,0.00675304984182428,0.0180594052310465
"290","I_qSZPt7ndI0v0jBdOG_ug",0.0062965347217808,0.00095651876167467,0.0392282395440666,-0.00249192510311361,0.0285063497154793,0.0251667582000619,0.0520417235564308
"291","Gth0McldFHqmVW0gMTSMoQ",0.00272803911359431,0,0,0,0.00663639887556133,0,0
"292","BSWC7dWO6M7yzro0RxCEow",0,0,0.00073847528188166,0.00546914992042014,0,0,0
"293","WVCxhOIunWXU5_aaxxCONw",0,0.00430433442753602,0.00368824315223359,0.00871506816587274,-0.00165909971889033,0.00333027115487225,0
"294","bcMBCXs6SnAIbELPolIRpA",0.00975480652739782,0,0.018216972781916,0.019249080972655,0.00111758800508585,0.0132470785938252,0
"295","-3SjhBm5C1ZYoG5hNUvHzQ",0.00847345482252777,0.00302897607863646,-0.000637934347833959,0.0030062326972561,-0.0217576608521798,0.00865870500266785,-0.00376237608980135
"296","imhibWA4C4M7drQSeZZU9g",0.0186157669058339,0.0101159105401352,0.121347072276219,0.0974246942993178,0.0631863519329053,0.0455342096172042,0.0270891078465697
"297","AmbpF0bBBfQnXjhstS4DDg",0.000310004444726626,0.001173909389328,0.00902388452124476,0.0121515491263226,0,0.0026642169238978,0.00764731443101289
"298","TCkmgOfreqwSZMTlTGRQhg",0.017459893190496,0.00707520226889518,0.13516119347752,0.109488358616148,0.0959667089130346,0.0426518751503516,0.0218217813208478
"299","LaRDgOcsS0A4CvfwKkX3lw",0.0123204008516026,0.0235941294546419,0.0286877938955585,0.0424318939605971,0.0315803797337809,0.00624173548269238,0.0106600655877705
"300","gw9nyFT7GK2XoSn9ixd0dA",0.0103334814908875,-0.00478259380837335,-0.00803229644285462,0.010862676278563,0.0127197645114925,0.00329326814204034,-0.00501650145306846
"301","yYs4vLbVc-Nd6VKz8VQ5xg",0.0210803022414105,0,0.0237164459681716,0.0128947437148117,0.00643888700426486,0.00432935250133392,0.0376237608980135
"302","CSIM0SBWF8kITsfvEWE-Hw",0,0.00724363687226547,0.00933565020528009,0,0,0.00534751976687454,0
"303","K0XC6XMa7wKqQ2dzwkeQZw",0.019840284462504,0,0.00253345702269912,0.0107826736235926,0.00331819943778066,0.0053284338477956,0
"304","uOzNKYArLlr6hzi2eZKLTA",0.00566865270357258,0,0.0115335707510827,0.0106108142861784,0.0162512767702734,0.00736359955355086,0
"305","gxqDIGyYc20o_Cm0P2c_Pg",0,0,0.00394037183989095,0.00871506816587274,0,0,0
"306","t8BmwzTWBRy3c6rMVbF76A",0,0,0.0115483205461419,0.0090465883062704,-0.00829549859445166,0.00444036153982967,0
"307","ghVdaCk4RdEivceRveKvPQ",0,0,0.00363726631374549,0,0,0,0
"308","ruNvkVancWPNp0AOchGTmA",0,0,0,0,0,0,0
"309","nkK5-IlOo7cy05R5AuMPfw",0.0155208891993131,0.00645650164130403,0.0322943782831678,0.0270652997117194,0.00229113770703903,0.0203183543460039,0.0215960387554597
"310","qnuBmj3lL_S_QQOmTI9cfw",0.00661342815416802,0,0.0294477843847674,0.0411707569706238,0.012104515032404,0.0295270827036947,0
"311","lRqSjJlGWD7JVDR6YTpxlQ",0,0,0.00107097285904728,0.000266787800996104,0,0,0
"312","UOzY6uJKu6sOMJuaH9IZLw",0,0.00227742562303493,0.00472002660992065,0.00833076669062835,0.00766757543695497,0.00592541578815048,-0.00451485130776162
"313","-3TbEJnrhu1cZdbbinol4A",0,0,0.00557714168107642,0.0129392083483111,0,0.00521742480929986,0
"314","JDP84ug_AB7BWtVWQztkMQ",0,0.00171013960420623,0,0,0,0.00355228923186373,0
"315","FfJSiMzvEA8eOmC9KRDs0Q",-0.000372005333671951,0,0.0183366921542205,0.00666475451006935,0.0168871816292445,0.00560696561711219,0
"316","8On1xmMf7h1AW53XbRNuTw",0,0.00031883958722489,-0.00363726631374549,0.00256511530142921,-0.0132727977511227,0,0
"317","h6Y1-KfN2XBkcrV85CS8yg",0.467799260640394,0.0238322047813462,0.705581103110963,0.712920724478751,0.877526713703175,0.890784327533669,0.469628741567313
"318","Z96TEJDXyUhCerS-9QllXw",0.233578507690569,0.0057656825356501,0.321885003737368,0.180277100475559,0.237032536304584,0.138197618890871,0.305940100086171
"319","0hOumV2_pUhxgwqkBiUTdw",0.00733677185853014,0,0.00594831473609112,0.00850121445237587,0.00962277836956392,0.0139542472835017,-0.00075247521796027
"320","8s1yvcfre7C6G_iONTPXAw",0.0182988734734467,0.00655070424662047,0.0114763202815255,0.0136457019694674,0,0.00222018076991483,0.0259603950196293
"321","TuJMO9Cv-0rrXOFQF3_joA",0.00800844815543783,0,0.0117026288139978,0.0194869721087541,-0.00414774929722583,0.00377430730885522,0.036666065166064
"322","EKImWrzx3whe-ALyrFFshA",0,-0.000106279862408296,0.00107097285904728,0.00169558469077524,0.0024886495783355,0.00662353929691259,0
"323","J0ufK7WAEq6oAdpDFz2xVA",0.0537313787255697,0.0298300198664014,0.0839268971530804,0.0979303147351725,0.126212280334791,0.0905487335443216,0.0620664319826519
"324","K1rAToLggkTvjRz46IU-Tg",0.0610517340668598,0.0125355084834404,0.0342210316699656,0.0235805591902489,0.105724769532825,0.0554182429590775,0.0456957677815873
"325","FJ4SYm6u4GbhkkXXnjYPcg",0.0596079163240993,0.0339274958012782,0.164745759717669,0.118581782035717,0.16912447260671,0.10040718141194,0.103922401490817
"326","kZneT2DjppJiXnuecmh12g",0.016015461105113,-0.000878620453432226,0.0415540617377231,0.0021515612731197,0.0101027322168143,0.0257347144004811,0.0264620451649361
"327","EdAh83CBePyXMWozJ-BLhA",0,0,0.0102302707582064,0,0,0.00246126100503185,0
"328","i89LUWwUFV4d4lSbvE-p0g",0.00340020748104918,-0.00247986345619359,0.026301431139018,0.021744652754077,0.0221603616931035,0.00314525609071268,0.013042903777978
"329","ndp5wZxcFVq8QAMbOTc5QA",0,0,0.0124831845903534,-0.00413521091543962,0,-0.00552825011708794,0.0230759066841149
"330","HgwOtz8ObpFkzfNbtewwWw",0.0108501555654319,0,0.0107526685400101,0.011093926058088,-0.0100994403522927,0.00977776581497846,0.00829394906907319
"331","Rev5klPI28wXKjNFeRGYmg",0.00632409067242317,0.0011823634692923,0,0.00240109020896494,0,0.00179464612234782,-0.00300990087184108
"332","HoyTNkO1GFNx-FXeK5tD5A",0,0.000478259380837335,0.00103055878889456,0.00666969502490261,-0.0123188154127607,-0.0144311750044464,0
"333","MqH1eJaXrP9X92AijQi3lw",-0.0020666962981775,0.00270423205461111,0.00183364409721519,0.00266787800996104,0,0.0066605423097445,0
"334","6a2Oy7Mi7pugLHwQvBpDLQ",0.00372005333671951,0,-7.77970850440006e-05,0.00577447373711568,0,0.0067592170106296,0
"335","zgHuD0DG_RRryTCOysSg1A",0,0,0.00428894319495822,-0.00462432188393248,0,0.0131333784271235,0
"336","UB0izJT0vBmH-PaooCKxZw",0,0,0,0,0,0.00710457846372747,0
"337","-ipc5f0XiXwH3hbNnro54Q",0.0970250962120693,0.071261533410283,0.240535969053459,0.250881040127827,0.202687984107224,0.222880028187176,0.207078816721223
"338","Wn19QCVh-FdYFw06HfvJaA",0.00289337481744851,0.0129543554274856,0.0291025485912358,-0.00718115227893752,0.0116636246441434,0.0272680487703064,0.0536162765281018
"339","EeM2Zfji_KrjcQorUgG74A",0,0.00366665525308624,0.00532455374262187,0.0247164076078391,-0.00663639887556133,0.0129510544911699,0
"340","mDqF53lSUSnopq9W3yCyCQ",0,0,0.00121242210458183,0.00819038549058041,0,0,0
"341","rGTCx9RWqBQKOD9fn0Bk7A",-0.000408746601195106,-0.00127535834889956,-0.00199841562906704,0.0039890394034904,0.00756058984000272,-0.00621650615576153,0.011287128269404
"342","6dQ0TVxmA2gP6ZlGmM98gg",-0.0060450866721692,0,0.00763080216660933,0.0156013799513663,0.00216193202456592,0.00562445795045091,0.00752475217960269
"343","1Pjz13e7KBOf3IKaMDB88w",0,0.00195289247175245,0.0199342401028329,0.0101194095072272,0.0127543290889694,0.0123913839220872,0
"344","6ars_4bkkFdDnfgn0pMjlQ",0,0,0.00727453262749098,-0.000711434135989612,0,0,0
"345","LX8ldjJWAVtNXfKxF7QEGQ",0.000620008889453251,0,-0.00273173855438594,0.00332531937670144,0.000829549859445166,-0.000888072307965933,0
"346","0W31xXtzqb4fncholH1F5A",0.0117801688996118,0.00441820570868776,0.0181318425550951,0.0100051392488857,0.0227818970658737,0.0174186637040848,-0.00601980174368216
"347","R_9PIy-iFsZOU52S8TTK_g",0.012400177789065,0.00470288391156713,0.0200985426191673,0.00646992177868053,0.0374956536469215,0.0195375907752505,0
"348","zA0FUrIItgfLEn4ee4wz-g",0,0.00255071669779912,0.00651224628522929,0,0,0.00333027115487225,0
"349","w7oavNpCB9O0b3sE9fgK1Q",0.017360248904691,0.00127535834889956,0.0504110939917669,0.021273411682774,0.00931268473162847,0.0026642169238978,0.0180594052310465
"350","yPRNwbXvumnl8Fdrkoouxg",0.11795822334723,0.0426209450841101,0.195947285569462,0.203676097480309,0.185786766440011,0.0396719872860329,0.274298417637183
"351","AlN1hJXQL84ZZkoMdF58sw",0.00372005333671951,0.00568597263884387,0.00346467658379862,0.00918663389045449,-0.000829549859445165,0.0177771724397722,0.0227534173049891
"352","ouYVS6WgNUa8gJDbQgrPag",0,0,0.005333848978757,0.0106726463417192,0,0.00222018076991483,0.0185610553763533
"353","HPLTAEL08KAou9tZ0Yuo9g",-0.00184624869303857,0,0,0.000200090850747079,0.0129041089247026,-0.000148012051327655,0
"354","q9wNJpZd1bx22PDpAbwZsA",0.0358634434894348,-0.00446375422114846,-0.00626361009053914,0.00111641519475037,0.032556128635636,0.022330437219945,0.0105346530514438
"355","BLJjAZS5kKXP9DJZOmm2aw",0.0125379575422769,0.00510143339559824,0,0.0090263206003682,-0.00207387464861291,0.00370030128319139,0
"356","V_xVjFnGc3TL6nex-1ycqQ",0,0,0.0026824839063873,0.00817437822252064,0,0,0.0579405917829407
"357","qDj4ewR6XgKT1ZXSlMMGPg",0,0.00286955628502401,0.00396428287323363,0.0286678313714814,0.0174205470483485,-0.00621650615576153,0
"358","jM7O18Dp00u6Dwo8SEJuEg",0.00434006222617276,0.00627051188208951,0.0146374710334411,0.0305872703972473,0.0425639938058437,0.00286403319319014,0
"359","lj8VL_ecsR-OrUCaF0E9BA",0.0140166295365681,0.00183332762654312,0.0289436478908233,0.0160461746140782,0.0999607580631425,0.0147007683836504,0
"360","pzJLbHcXpm_MYkJ1c6qbbg",0,0,0.00242863302824048,0.00533575601992209,0.00290342450805808,0.00475753022124607,0
"361","cXX09TeO-mPc1Nww_rk8_Q",0.0201025916144183,0.00446375422114846,0.0228694745078776,0.0169612365602978,0.0359412352198183,0.00821466884868488,0.0178945230350187
"362","wBoyf4Rd5l6kEsSNgeqO2A",0,0,0.0100052608301231,0.0131698686345889,0.00414774929722583,0.00725259051505512,0
"363","n5st85e_y9Hhm2ETUvgQuA",0.002104272594508,0.00701447091894758,0.0364735146125179,0.0482259297838264,0.0251086966385635,0.0160038030498028,0
"364","7THF9if6Jgm7vcMgFCxX6w",0.060264864054856,0.0091347541739931,0.0474953609793038,0.0328381193006119,0.0519129060820333,0.0390087106838139,0.0342376224171923
"365","56CW9SrX9TGeJBF6mD6TYQ",0.0130546316168212,0.00463911599412215,0.0146437255919171,0.00646642812890558,0.0174723939145638,0.0136382533009054,0.00601980174368216
"366","nFjvwsbirK8gJtV2QKqhwA",0.0175669185345088,0.0188646755774727,0.0454881791272819,0.0467616023582047,0.0109373296018593,0.0195511585466222,-0.00902970261552323
"367","jLkyTDArqZrQdCOefFIw0A",0.00254203644675833,0.0065893514693144,-0.0178908036807356,0.0106715120398442,0.00811773791028484,0.0208604484839915,0.0011287128269404
"368","x0dMACZ3NlDWTDyFAW0jHw",0.241930138147377,0.00712075078135588,0.430594636415541,0.425548493958314,0.88914897895337,0.420392080924405,0.0652533370558959
"369","p4JsD_Ya0NRXNdnhbVBs0A",0.0354311990858396,0.011586972213596,0.0973945013605758,0.0766210146228975,0.040054060827074,0.0760147606461317,-0.00171994335533776
"370","c9X74yIgWWucohm5igTXUQ",0.0144380655933892,0,0.013476071692427,0.00884045843234091,0.0168324005871546,0,0
"371","Y5CTA3S9TVkpr3Yvwaki-A",0.234734497287455,0.0490096300513059,0.538807687348469,0.734361027774579,0.977036040825813,0.562024063012754,0.284159833391346
"372","9Lc8VbFNBuer89ayA-7PCg",0.00322404622515691,0.00265699656020742,0.0185630484369368,0.00681750716256712,-0.000334124248943192,0.00827017336793275,0
"373","1zOOzjf51hN_xgkxhaS4QA",0.0176082524604723,0,0.019784375633167,5.92387918709979e-19,0.0174205470483485,0.00610549711726579,0.00410441027978329
"374","bWbmbCB-O0jjUT2fBw4TKQ",0,0,0,0,0,0.00599448807877005,0
"375","hdqqsKeAjp9D52v3eRTqUg",0.0225269896501348,0.00177133104013828,0.0192293898521764,0.0179467749506139,0,0.00416283894359031,0
"376","I-pZYQOdSd7if1Dzxp_UFA",0,0,0.000727453262749098,0.00340154446270033,0,0.00804815529094127,0
"377","enVV_GttZ2UYT3cxArtNWQ",0.01735980156783,0.0272835589639585,0.0303099476062932,0.0228061463191158,0.0152367173831332,0.0273809960618552,0
"378","9kMAaHdY5pgPZvDg6qe9sw",0,0,0.00766553875621862,0.000608276186271118,0,-0.00621650615576153,0
"379","HerJ6-eyiUIcwOwivgIPKQ",0.0100290128398167,0.0159217355779286,0.0238759962558411,0.0175931733212431,-0.00293798908553496,0.0122109942345316,0.00520462025755853
"380","xNvP0PJnvDGkHSv6DIZWBQ",-0.00620008889453251,0.00255071669779912,0.00551652057584733,0.00573189548200721,0.015208414089828,0.00777063269470192,0.0240792069747286
"381","9gK-Bkmmp3OX_M-RwiBBbQ",0.00264537126166721,0.000797098968062225,0.0134021716784335,0.0112587820553197,0.0163737341304772,0.00834787969487977,0.0210693061028875
"382","l_3qobZIqjPji1nMTcQX3w",0,0,0,-0.00133393900498052,0,0.0053284338477956,0
"383","VtVqCy22D43vtN4WRDD93Q",0.0245724449030255,-0.00302897607863646,0.00834297960715372,0.0729104296199594,-0.0059911934293262,-0.00364109646266033,0.0549306909110997
"384","A5VKj3IaxdCDR9tXczbpYw",0.00335838148453845,-0.00095651876167467,-0.000909316578436372,0.00184528229022305,0,0,0
"385","VTO-vuExZ6hLh8835-3IqQ",0.0012400177789065,-0.00106279862408297,0.00961518085716979,0.00889292669987015,0.0165909971889033,0,0
"386","_0Funut0xAF4lCJZM_whMQ",0.00992014223125202,0.00151448803931823,0.009908519649695,0.00426860481593767,0.0170172936444515,0,0
"387","ti9XBqsL13OlTE-O_tRhUg",0.0201158439689277,0.0031883958722489,0.0172311281814718,0.0160218201216388,0.033684063569434,0.00843668692567637,-0.00234103401143195
"388","xQLs0A2dzgXgJq6K2U_UUA",0.00195413516050891,0.00255071669779912,0.0105029892446105,0.00937242868782496,0.0165909971889033,0.0187399702764293,0
"389","PZKk2nlJBFcPPE8W88BOWg",0.00104626500095236,0,0.029523777270251,0.02191217138848,0.0204903373249217,0,0.104343230223824
"390","jd7mPoYvlvcKye_iPRefcQ",0,0,0.00056983838915346,0.0106715120398442,0.00516164356988103,0.00333027115487225,0
"391","YNq2OrFD5g6ww2G03Guj9Q",0.00403005778144613,-0.000485344704997888,0.00703204820657461,-0.00551361455391949,-0.00304168281796561,0.00643852423275302,0
"392","rqcknDxg8lZAFN76YU7-BQ",0.00988914178677936,-0.00191303752334934,0.0593022239002688,0.0332690881624896,0.137780493777147,0.0346327923203218,0.0551576278815956
"393","YKEfXcJFJQ8uIDsBywAO3g",0.011573499269794,0,0.00482996078484843,0.00213430240796883,-0.000829549859445166,0.00392231936018287,0
"394","CJty_bUZVJJaLFcTppxmzg",0.0229233524758924,0.00419805456512772,0.0708959864069372,0.0844390319705943,0.111562515604974,0.0421461798943742,0.0210693061028875
"395","rUv5UqvD7d-HMV-Ib1jaTA",0.106009184782562,0.00607123714007395,0.0609589204931069,0.0463929164387726,0.174570219047826,0.0774585413174556,0.0722376209241859
"396","X6wwaG6kJzA_e9jmxqp0Dw",0,0,0.00136515361136735,0.00266787800996104,0,0.0129880575040018,0
"397","sNBaDJM4Khm1BbrBRyrMVQ",0.0171351266293538,0.00839610913025544,0.032614927133893,0.0612097064950608,0.0514913448469892,0.0180525365269297,0.0110363031967506
"398","gVjRgRdg7I9qj7TUPa8IBg",0.00299670963235738,0.000434781255306668,0,0,0,0.00432935250133392,0
"399","UGBIdjPNmLviPOTwVwEr8w",0.0125104015916345,0.017267820644788,0.0758531865555746,0.0766481669866333,0.199293711176651,0.0472935507004691,0
"400","4R-tCDl-s4m89M1KJmiKOw",0.0240538845580502,0.00441820570868776,0.0832018534990776,0.0851392244302592,0.104334665934513,0.0466197381177422,0.0146583366863768
"401","Oj5l_BG9S2H-RSujDjmaTQ",0.00748488509323286,0,0.0344507941503599,0.0195268908269815,0.0338296088703508,0.0174276092135843,-0.00100330029061369
"402","hhoKM8RdfYo97Y72LqmOgw",0.0204430708828058,0.0124671339550761,0.106434193725327,0.101881077830402,0.0943099315736882,0.0579457930194563,0.0650891063535633
"403","i3QLGUSRp51IJ2CargHG7w",0.00372005333671951,0.00159419793612445,0.011275525572611,0.0143472550757905,0,0,0.0150495043592054
"404","PJXlSQDWXxXDecIKjwl7iA",0.00273099153687742,0,0.00236422310393457,0.00639179106553167,-0.000829549859445166,0,0
"405","Tb-hJmtCZhjVcRzTZicNpw",0.00992014223125202,0,0.00634273572253215,0.00552473071229433,0.00746594873500649,0.00355228923186373,0
"406","oBKNJVd4qhmycuC7SWYOMQ",0,0,0.0108496623083767,0.00360163531344741,0.00653270514313068,0.0164293376973698,0
"407","XWmeJNsDOcoAXki-vncs2Q",0.000757788642665085,0,0.00545589947061823,0.00569147308791689,0.0134801852159839,0,0.000323982385510672
"408","krCiaZqjU2CeOfwoJWctDg",0.0272731872919533,0.0297977601707916,0.0944215722213517,0.0701105064873635,0.0400439234153622,0.0873988737021423,0.0351035661204005
"409","px0VdZdyTaclveb1LfV6rA",0.0200174298594907,0.0247038280937649,0.0618825492946014,0.0608359162859368,0.0650564601676306,0.0863625650821649,0.0191881180579869
"410","Gq1TlqinFYzG68cuiE3c2Q",0.0591222762442922,0.0119143711254541,0.037010038261529,0.0392124286431374,0.0175686809518208,0.00323489588929799,0.0366204606073998
"411","pfrxdNAI5aqgO5994XCsOA",0.0136287139218705,0.00892750844229692,0.00509217283924369,0.0106524557683445,0.0173514178933947,0.00444036153982967,0.0194339266291872
"412","Jw41bQExdijm7gSaZ_C3YA",0.0126538177892959,0.012399317280968,0.0311672395562953,0.0216608114678951,-0.0235131299049402,0.01453971717542,0
"413","7hN4lR3agJun5c3Uoz7vHw",-0.00113668296399763,0.00221098345580533,0.00113513019541474,0,0,0.00177614461593187,0
"414","Ky_mDKPg213RZsSp2ICHFA",0.00620008889453251,0,0,0.00213430240796883,0,0.00725259051505512,0
"415","_98ytLdlPEDp0FTuO31R7Q",0.00612923073573786,0.0384424384222467,0.0533168624756651,0.0611160610507296,0.181675113837649,0.0977619599019165,0.025207919801669
"416","XPz1E7DSyk37l3Jt11lmJw",0.0240973097838393,0.00185458359902478,0.010371279997739,0.0243606616667056,0.00319837556919414,0.00595748506593814,0
"417","dqDlLubs0tpIKSe2lpQZBQ",0,0,-0.0018994612971782,0.00747005842789092,0.00259234331076614,0,0
"418","Aror3Q3exo1uWxsH4eWkzA",0.0103334814908875,0.00374636514989246,0.0105480723098619,0.0202210860951422,0.0174922365423746,0.00780393540625064,0
"419","uEgu1yUZoxpczqJRvKseDQ",0.0127489327893825,0.0101421354412489,0.0122818359194139,0.010200822133801,0.0135493143709377,0.0162628241396262,0
"420","hdoXVYBWR2fOlPLufu_b9w",0.00529074252333441,0,0.0305910311350876,0.00438732538738094,0,0.0026642169238978,0
"421","V5Z3sdbXZjR0fJiNhhfWpA",0.00366368889222376,0,0.00431512049039806,0.00222236548080846,-0.00155540598645969,0.00191675606469314,0.0029072906148465
"422","Un_HXZF1JXxmQlYUG3SCTw",0.0322404622515691,0.00321496583785098,-0.00189703237073972,0.00720327062689482,0.0104845885013208,0.000772129534425938,0.0629570932360092
"423","_3-qT4mA1pUDf72yrpNnWw",0.00217003111308638,0,0.00109117989412365,0,0,-0.000777063269470192,0
"424","bsh9cybt86WpquD9UkG7yQ",-0.00372005333671951,0,0.0108979773292442,0.00553131806540534,-0.00684378634042262,0.0190282795445838,0
"425","0WcBhjFnVAv-xpBfOPhfag",0,0,0.00545589947061823,-0.000466878651743183,-0.000829549859445166,0,0
"426","B7crzLt3Cmq2Uy3JOiMnRw",-0.000546034283859754,0.057407702215095,0.0915336256480725,0.110982501576861,0.180895157662908,0.0750274850228116,0.0708781164557196
"427","lCzBrNSGIvdZ4AVxMwyiJg",0.00112192084758207,0,0.00129729165190256,0.00443375916893526,0.00150109022185316,0,0
"428","SX2fqZOSWIW9NvYK3_xiIg",-0.00297604266937561,0.014623919281913,0.0206101299291584,0.0459818414062052,0.0564225600379321,0.0287429125063632,0.0240792069747286
"429","5AMB82gOXm2ObLNIGtc3dA",-0.00868012445234552,0,0.00231514887589197,0.00311322160529274,0,0.00529927995889773,0.0135445539232849
"430","QAomAHvkk68GcHUfCmzeNg",0.00263503778017632,0.00589853236366047,0.0415336933752836,0.00104037136789958,0.00165893512566425,0.012044480676788,0.00300990087184108
"431","UTFaJKYIjzH6WBT2XdgVgA",0.0147585078982076,0.00446375422114846,0.0378629813897225,0.0375623530821761,0.0734533920808748,0.024364241342977,0
"432","MnyFNte6E9wJG-8fWHUBQA",0.0111946049484615,0,0.0180394937805059,0.00921657792639907,0.00273060162067367,0.0122726659225848,0.0300990087184108
"433","pewbZXifFrGqYqdNiXi5sQ",-0.0010145600009235,0.0167112431272474,0.097160009474746,0.0701945877252333,0.15877813992146,0.0596488566850452,-0.00300990087184108
"434","gYA0AUARM_VCjJ-SkxMfeQ",0.0289019648905055,0.0153266047508497,0.0751114744832065,0.113125645158352,0.181216993513866,0.10411276899238,0.0270891078465697
"435","R1kInDFP1vLdsVIJq03xHQ",0,0.0031883958722489,0.00363726631374549,0.0197879446365196,0,0.000444036153982967,0.011287128269404
"436","0R-8A1qJDILYoYpAJvk9Ng",0,0,0.000888833992881694,-1.27041809998133e-05,0.00580684901611616,0.00648898288661472,0.00288448833551437
"437","bzWo5eA5zZjktINg8DdAjw",0.0494813281314601,0.0164202387420818,0.131807119777033,0.0983048138879092,0.25962598919181,0.0315278003665517,0.0276361169477589
"438","7yhJEfgGq4a5iKBc8bSSSA",0.00862169107486729,0.00196617745455349,0.0219547394990039,-0.010207863398622,0.00429145931241928,-0.00170213859026804,0.0300990087184108
"439","jOWS7K-2tNqOcHVBSygswg",0.0474823474506282,0.00488887367078165,0.0234662568809559,0.043723692726676,-0.0236880925042636,0.0408513261664329,0.00668866860409128
"440","pIJHjoBgu_UTQRhTbG_mNA",0.0230584258410947,0,0.0241038258900945,0.0198601173240422,0.035687234953331,0.0133901569101086,0.0295973585731039
"441","tJ4wTvu6NegxD3uzNSxihw",0.0122968429741562,0.011478225140096,0.00689836311125215,-0.00525149235871152,0.00402677327605674,0.0112489159009018,0
"442","TBavvwiKAugsXyV8kzvvmA",0,0.00063767917444978,0.00549400416533366,-0.00057804023549156,0,-0.0088067170539955,0
"443","Z63SFjJWD-G_LylFcQBnkA",0,0,0.00917843947238598,0.00786159422842687,0.0109777098066577,0,0
"444","f4Sm4rFdS95ORUI1iE0OQQ",-0.00310004444726626,0,0.0033543678226764,-0.00790229171936586,0.0116136980322323,0.0110964634880343,0
"445","72fedc-RcClpynfBA2dHMw",0.00351338370690176,0,0.00352818440832433,0.00460950033943269,0.00796932184699635,0,-0.0150495043592054
"446","zrQlLZLhToH4IHi8jCcbdQ",0,-0.000991945382477436,-5.8456065756624e-05,0.00439564662593581,0.00953982338361941,0.00405975912212998,0
"447","qy9xD2Ec1ADfq---ovXI7w",0,0.00393589757118726,0.00228592084301366,0.0198878178924369,0.0105352832149536,0.00833307848974701,0
"448","kzdbkojvhf49MGyheAncOw",0.0387587567666146,0.00924634802952182,0.203370677407238,0.168602219713616,0.0280269345369688,0.0141351509017911,0.0258258615715697
"449","DgE8JqFcYgp2SrjSKb3Gsg",0.0439326399906069,0.013845367530099,0.0707669394478716,0.192823240340891,0.0946593474121149,0.110179928440628,0.0405956579709677
"450","SJU__uFMeCmpVQuec3k8xw",0.0155592707019935,0.00198389076495487,0.0311085467997432,0.0259851318170206,0.0280800831859722,0.00810365981018914,0
"451","9Fuv3NFX90vjLkP-Dk8cog",0.00248003555781301,0.00521302725112695,0.0134532666099837,0.00502205013248222,0.0010138942726552,-0.0015448757857324,0.0290957084277971
"452","u2Ro_DI21IsUPBOsdbWDdw",0,0.000398549484031113,0,3.48306295744914e-05,0.00276516619815055,0,0
"453","SMRg_KiTXeUb6xYlB98ocQ",0.0120212834677325,0.00766496513122857,0.0142790141956188,0.0178530347770931,0.0221590363969974,0.00370030128319139,-0.00752475217960269
"454","Xpun3GjGCRmTu33weTIPRg",0,-0.00382607504669868,0.00351602410328731,0.000266787800996104,0.00647048890367229,0.00236819282124249,0
"455","790bnJAQYrvJdXVc_soXGQ",0.00689222126704461,0,0.00419151641869718,0.0161081392569048,0.0164959093308649,0.0168374672240862,0
"456","JtUhF7vUu6nPhFz7WmfyAQ",0,0,0.00726222470612629,0.00851598787497792,0.000103693732430646,0,0
"457","e2-0_fr8ZQw41Ia6kV7K0w",0.016619906399608,0.0100080203767813,0.0148990799696975,-0.00201320632577868,0.00718943211519144,0.00138144581239145,0
"458","LUnZLAYGsX8h_TJovpeTPg",0,0.0031883958722489,0.00161656280610911,0.0110042557138643,0.0202165250984213,0.00366329827035947,0
"459","vtO37k9heKKeS3jVhGaxgg",0.00372005333671951,0.0195528376865664,0.124698319609015,0.0847199766992138,0.0200244118849403,0.0185385094287889,0
"460","ggY2BnHt7kyeGfFoMLFuGA",0.00992014223125202,0.00233815697298253,0.00515683535148805,0.0148510528474695,0.00705117380528391,0.013321084619489,0.0240792069747286
"461","NdFIaltcBEumPcn4CG6Khg",0.00707843482125795,0.00255071669779912,0.0254127084697702,0.00222323167496754,0.0571928907746864,0.0272342174442886,0.00627062681633558
"462","X-aHaamRgXINZI1qEUg8xQ",0.0110774921582314,0.00656915829545682,0.01927886297234,0.0101737952719745,0.0135493143709377,0.0221740554395244,0.00752475217960269
"463","RxNPIAim-2fIw43IilR62g",0.0416209940095408,0.0250023376315518,0.164938930298262,0.0907124934422553,0.152490377875036,0.034569036876748,0.148683055035812
"464","6wCatBkuiKwi_rkYaZ5DAg",0,0,0.00671075634886043,0.0115165556624337,2.76516619815056e-05,0.00477338865531689,0
"465","n-AQFKbW6MnpamdtA6ECpQ",0.0431309676018702,0.00324153580345305,0.121148480673269,0.199348371364542,0.389581287488392,0.100480286034244,0.0128547849734879
"466","p0iEUamJVp_QpaheE-Nz_g",1,1,1,1,1,1,1
"467","5mVE0xEy9NfMdkhliPh8IQ",0,0,0.00327353968237094,0.00118572355998269,0.00105579073020294,0.0170213859026804,-0.00501650145306846
"468","RbKaSbMnvK0tc2p2UnNMwA",0.00456610713378592,0.0117970647273209,0.0243510938298245,0.0582939778332828,0.053784677130376,0.052637402470278,0.00601980174368216
"469","DBe7m1pnp2_0ay74A8qbOQ",0,0,0.0119487085125836,0.00260785075473692,0,0,0
"470","KI0zM8wA3QH0-cHcvuz3PA",0,0,0.00441927857120077,0.00266787800996104,0,0,0
"471","ZA1KsVRdhXFL9lDvI4FFAw",0,0.00182194049842794,0.0155628666383596,0.00120054510448247,0.0216374255005281,0.00819493390850786,0
"472","i8fJhAD9QE-arHRoV0FsCA",0.0502723874531678,0.0234188481967155,0.334156095498401,0.417277238829368,0.778934240742447,0.432069514302064,0.142091317835339
"473","zoODlH40edpJYLPLkHilNA",0.195221300993397,0.0278937403327375,0.810983640884061,0.682335429857488,0.853627218600442,0.495791944988789,0.197112261504432
"474","2WB12znGTwtAZ9-U7a_SGQ",0.00506340593053489,0,0.00450328210273251,0,0,0,0
"475","5qBy2K1wAvtp7AzHzNhuIw",0.00155002222363313,0,0.0116594592390619,0.0187196107032267,0.00998462011777905,0.00536543686062751,0
"476","PwiN2Q_U_NqHUn9y4c9Sag",0,0,-0.00121242210458183,0,0,0,0
"477","frZtMASUsruCLZ2ypdOBGQ",0.0190283680596486,0,0.0249885969192908,0.033619791730773,0.0232999487585209,0.0109718044492495,0.0261770166732845
"478","mBeZ3dQzUPV60Oa26k3qHw",0.0466826097938156,0.0281886401125715,0.0469531716750498,0.0496094314269866,0.185797988360125,0.0741212636180757,0.0260102994366819
"479","BTcY04QFiS1uh-RpkR7rAg",0.0413029255190774,0.0252947682832692,0.080398266647908,0.0790054794219858,0.287254846477766,0.126806329492978,0.0766808079254751
"480","e7gf-Dfqsi_Jk4BubPx29w",0,0.00518114329240447,0,0.0047799481011802,0.00829549859445166,0,0.0127920787053246
"481","xHBnnZbrr_47VmH-HJhC9g",0.00175669185345088,0,0.0175104062454231,0.0294573256418365,0.0118902146520474,0.0142091569274549,0.00481584139494572
"482","-BBqiQQCweN7ePwTlY163Q",0.00602786420301772,0.000531399312041484,0.0712399296542854,0.0552494244864432,0.100129176122286,0.0387051514221819,-0.00200660058122739
"483","9EytPnh_lzU6STtd6cljCQ",0.0138304255681447,-0.00106279862408297,0.0794368416367126,0.0642501324313153,0.0870746227187279,0.0304310398764549,0.0427405923801433
"484","wHnemZc37gfbjkTocItSAQ",0.140393385923207,0.00729079856120915,0.101069513001577,0.074609950534293,0.0971759117878361,0.0582311126791139,0.0597226442038879
"485","cPRXswksG5uHCOrask1Y7Q",0.00155002222363313,0.00382607504669868,0.0155188682250802,0.0172499063506281,0.00653270514313068,0.021036212794943,0
"486","oGogz0ICIyukvISR9tL6zQ",0,0,0,-0.0106715120398442,0,0,0
"487","UVo9pwRKVtqw9J_WUAeKoQ",0,0,0.00509217283924369,0.00222323167496754,0.0176970636681635,0,0
"488","rzH4cBXkBgILnlQAcPQQ2Q",0,0.00239129690418668,0.00727453262749098,0,0,0.0102917713023163,0
"489","bf_qXqurL7mQow3eyxuzEw",0.00341004889199288,-9.10970249213972e-05,0.00647946037081789,-0.00536503217945149,0.00267299399154553,0.00821466884868488,0
"490","UwiHDmY_dLb1jXLzNOvgjA",0,0,0.00510187221608034,-0.00213430240796883,0,0.00333027115487225,0
